Retweeter,Retweeted
Mark_Amodei,Steve_Scalise
Paul_Cook_(politician),Cathy_McMorris_Rodgers
Paul_Cook_(politician),Paul_Ryan
Paul_Cook_(politician),Ed_Royce
Paul_Cook_(politician),Paul_Ryan
Paul_Cook_(politician),Kevin_McCarthy_(U.S._Representative)
Paul_Cook_(politician),Paul_Ryan
Paul_Cook_(politician),Paul_Ryan
Ed_Royce,Steve_Scalise
Ed_Royce,Steve_Scalise
Ed_Royce,Paul_Ryan
Ed_Royce,Steve_Scalise
Ed_Royce,Paul_Ryan
Ed_Royce,Joyce_Beatty
Ed_Royce,Steve_Scalise
Ed_Royce,Ileana_Ros-Lehtinen
Ed_Royce,Kevin_Brady
Ed_Royce,Ed_Royce
Joe_Courtney_(politician),Mike_Doyle_(American_politician)
Sean_Duffy,Greg_Walden
Sean_Duffy,Richard_Hudson_(American_politician)
Sean_Duffy,Sean_Duffy
Sean_Duffy,Sean_Duffy
Sean_Duffy,Steve_Stivers
Sean_Duffy,Sean_Duffy
Sean_Duffy,Sean_Duffy
Sean_Duffy,Cathy_McMorris_Rodgers
Sean_Duffy,Sean_Duffy
Sean_Duffy,Sean_Duffy
Sean_Duffy,Cathy_McMorris_Rodgers
Sean_Duffy,Sean_Duffy
Sean_Duffy,Sean_Duffy
Sean_Duffy,Sean_Duffy
Sean_Duffy,Sean_Duffy
Sean_Duffy,Steve_Scalise
Sean_Duffy,Sean_Duffy
Sean_Duffy,Sean_Duffy
Sean_Duffy,Sean_Duffy
Sean_Duffy,Sean_Duffy
Sean_Duffy,Mike_Gallagher_(American_politician)
Sean_Duffy,Sean_Duffy
Sean_Duffy,Sean_Duffy
Sean_Duffy,Sean_Duffy
Sean_Duffy,Sean_Duffy
Sean_Duffy,Steve_Scalise
Sean_Duffy,Cathy_McMorris_Rodgers
Sean_Duffy,Sean_Duffy
Sean_Duffy,Jason_Smith_(politician)
Sean_Duffy,Sean_Duffy
Sean_Duffy,Sean_Duffy
Sean_Duffy,Sean_Duffy
Sean_Duffy,Sean_Duffy
Sean_Duffy,Cathy_McMorris_Rodgers
Sean_Duffy,Sean_Duffy
Sean_Duffy,Paul_Ryan
Sean_Duffy,Paul_Ryan
Sean_Duffy,Tom_Graves
Sean_Duffy,Sean_Duffy
Sean_Duffy,Patrick_McHenry
Dave_Reichert,Ann_Wagner
Dave_Reichert,Ann_Wagner
Dave_Reichert,Kevin_Brady
Dave_Reichert,Steve_Scalise
Jim_McGovern_(American_politician),Gwen_Moore
Jim_McGovern_(American_politician),Bill_Pascrell
Jim_McGovern_(American_politician),Lloyd_Doggett
Jim_McGovern_(American_politician),Chellie_Pingree
Jim_McGovern_(American_politician),Katherine_Clark
Jim_McGovern_(American_politician),Ileana_Ros-Lehtinen
Jim_McGovern_(American_politician),Pramila_Jayapal
Jim_McGovern_(American_politician),Steny_Hoyer
Jim_McGovern_(American_politician),Jim_McGovern_(American_politician)
Jim_McGovern_(American_politician),Elijah_Cummings
Jim_McGovern_(American_politician),Barbara_Lee
Jim_McGovern_(American_politician),Frank_Pallone
Jim_McGovern_(American_politician),Alma_Adams
Jim_McGovern_(American_politician),Pramila_Jayapal
Jim_McGovern_(American_politician),Barbara_Lee
Jim_McGovern_(American_politician),Jackie_Speier
Rick_W._Allen,Paul_Ryan
Mac_Thornberry,Paul_Ryan
Mac_Thornberry,Rob_Wittman
Mac_Thornberry,Paul_Ryan
Mac_Thornberry,Paul_Ryan
Mac_Thornberry,Chuck_Fleischmann
Mac_Thornberry,Paul_Ryan
Mac_Thornberry,Don_Young
Mac_Thornberry,Paul_Ryan
Mac_Thornberry,Kevin_McCarthy_(U.S._Representative)
Mac_Thornberry,Cathy_McMorris_Rodgers
Mac_Thornberry,Mike_Gallagher_(American_politician)
Sam_Johnson,Steve_Scalise
Sam_Johnson,Steve_Scalise
Sam_Johnson,Pete_Olson
Ruben_Gallego,Jackie_Speier
Ruben_Gallego,Jamie_Raskin
Ruben_Gallego,Sheila_Jackson_Lee
Ruben_Gallego,Raúl_Grijalva
Ruben_Gallego,Joaquín_Castro
Ruben_Gallego,Eric_Swalwell
Ruben_Gallego,Marc_Veasey
Ruben_Gallego,Eric_Swalwell
Ruben_Gallego,Don_Beyer
David_Kustoff,Steve_Scalise
David_Kustoff,Cathy_McMorris_Rodgers
David_Kustoff,Chuck_Fleischmann
Martha_McSally,Martha_McSally
Luke_Messer,Mark_Meadows_(North_Carolina_politician)
Mark_DeSaulnier,Debbie_Dingell
Mark_DeSaulnier,Mark_Pocan
Mark_DeSaulnier,Ann_McLane_Kuster
Mark_DeSaulnier,Jerry_Nadler
Mark_DeSaulnier,Joe_Kennedy_III
Mark_DeSaulnier,Richard_Neal
Mark_DeSaulnier,Mark_Pocan
Mark_DeSaulnier,Donald_Norcross
Mark_DeSaulnier,Debbie_Dingell
Mark_DeSaulnier,Adam_Schiff
Mike_Conaway,Paul_Ryan
Mike_Conaway,Martha_Roby
Mike_Conaway,Paul_Ryan
Mike_Conaway,David_Rouzer
Mike_Conaway,Rick_Crawford_(politician)
Mike_Conaway,Rick_Crawford_(politician)
Mike_Conaway,Rodney_Davis_(politician)
Mike_Conaway,Austin_Scott_(politician)
Mike_Conaway,Paul_Ryan
Mike_Conaway,Doug_LaMalfa
Mike_Conaway,Paul_Ryan
Mike_Conaway,Cathy_McMorris_Rodgers
Mike_Conaway,Mike_Bost
Mike_Conaway,Austin_Scott_(politician)
Mike_Conaway,Steve_Scalise
Mike_Conaway,Adam_Kinzinger
Mike_Conaway,Paul_Ryan
Mike_Conaway,Steve_Scalise
Mike_Conaway,Mike_Rogers_(Alabama_politician)
Mike_Conaway,Rick_W._Allen
Mike_Conaway,Mike_Conaway
Mike_Conaway,Jeb_Hensarling
Mike_Conaway,Will_Hurd
Jody_Hice,Lee_Zeldin
Jody_Hice,Mark_Meadows_(North_Carolina_politician)
Don_Young,Paul_Ryan
Hal_Rogers,Katherine_Clark
Hal_Rogers,Paul_Ryan
Hal_Rogers,Paul_Ryan
Hal_Rogers,Paul_Ryan
Mike_Johnson_(Louisiana_politician),Bruce_Westerman
Mike_Johnson_(Louisiana_politician),Ralph_Abraham_(politician)
Mike_Johnson_(Louisiana_politician),Charlie_Dent
Mike_Johnson_(Louisiana_politician),Darin_LaHood
Mike_Johnson_(Louisiana_politician),Charlie_Dent
Mike_Johnson_(Louisiana_politician),Claudia_Tenney
Mike_Johnson_(Louisiana_politician),Kevin_Brady
Mike_Johnson_(Louisiana_politician),Steve_Scalise
Mike_Johnson_(Louisiana_politician),Steve_Scalise
Mike_Johnson_(Louisiana_politician),Paul_Ryan
Brian_Higgins,Carlos_Curbelo
Brian_Higgins,Stephanie_Murphy
Brian_Higgins,Stephanie_Murphy
Lucille_Roybal-Allard,Ileana_Ros-Lehtinen
Lucille_Roybal-Allard,Ileana_Ros-Lehtinen
John_Lewis_(civil_rights_leader),Jimmy_Gomez
John_Lewis_(civil_rights_leader),Adriano_Espaillat
John_Lewis_(civil_rights_leader),Pramila_Jayapal
John_Lewis_(civil_rights_leader),Ileana_Ros-Lehtinen
Duncan_D._Hunter,Diane_Black
Zoe_Lofgren,Hakeem_Jeffries
Zoe_Lofgren,Steny_Hoyer
Zoe_Lofgren,Frank_Pallone
Zoe_Lofgren,Mark_DeSaulnier
Zoe_Lofgren,Mike_Quigley_(politician)
Zoe_Lofgren,Mike_Quigley_(politician)
Zoe_Lofgren,Adam_Schiff
Zoe_Lofgren,Debbie_Dingell
Zoe_Lofgren,Jerry_Nadler
Zoe_Lofgren,Nancy_Pelosi
Zoe_Lofgren,Ann_McLane_Kuster
Zoe_Lofgren,Ted_Lieu
Zoe_Lofgren,Juan_Vargas
Zoe_Lofgren,Elijah_Cummings
Zoe_Lofgren,Steny_Hoyer
Zoe_Lofgren,Val_Demings
Zoe_Lofgren,Nancy_Pelosi
Zoe_Lofgren,Ted_Lieu
Zoe_Lofgren,Jerry_Nadler
Zoe_Lofgren,Steny_Hoyer
Zoe_Lofgren,Nancy_Pelosi
Zoe_Lofgren,Jared_Huffman
Zoe_Lofgren,Bill_Foster_(politician)
Zoe_Lofgren,Nancy_Pelosi
Zoe_Lofgren,Kathy_Castor
Zoe_Lofgren,Elizabeth_Esty
Zoe_Lofgren,Mark_Takano
Zoe_Lofgren,John_Sarbanes
Zoe_Lofgren,Ted_Deutch
Zoe_Lofgren,Bennie_Thompson
Zoe_Lofgren,Jerry_Nadler
Zoe_Lofgren,Robin_Kelly
Zoe_Lofgren,Steny_Hoyer
Zoe_Lofgren,Jackie_Speier
Zoe_Lofgren,Jim_McGovern_(American_politician)
Zoe_Lofgren,Rosa_DeLauro
Zoe_Lofgren,Lucille_Roybal-Allard
Zoe_Lofgren,Jim_Sensenbrenner
Zoe_Lofgren,Judy_Chu
Zoe_Lofgren,Ted_Deutch
Zoe_Lofgren,Nancy_Pelosi
Zoe_Lofgren,Mark_Pocan
Zoe_Lofgren,Nancy_Pelosi
Zoe_Lofgren,Joe_Crowley
Zoe_Lofgren,Bill_Pascrell
Zoe_Lofgren,Rosa_DeLauro
Zoe_Lofgren,Maxine_Waters
Zoe_Lofgren,Nancy_Pelosi
Zoe_Lofgren,John_B._Larson
Zoe_Lofgren,Jackie_Speier
Zoe_Lofgren,Joe_Crowley
Martha_Roby,Steve_Scalise
Martha_Roby,Bradley_Byrne
Martha_Roby,Bradley_Byrne
Martha_Roby,Paul_Ryan
Martha_Roby,Paul_Ryan
Martha_Roby,Bradley_Byrne
Tim_Walz,Tim_Walz
Tim_Walz,Tim_Walz
Tim_Walz,Tim_Walz
Tim_Walz,Tim_Walz
Tim_Walz,Tim_Walz
Tim_Walz,Tim_Walz
Tim_Walz,Tim_Walz
Tim_Walz,Suzan_DelBene
Tim_Walz,Tim_Walz
Tim_Walz,Tim_Walz
Tim_Walz,Tim_Walz
Tim_Walz,Tim_Walz
Tim_Walz,Tim_Walz
Tim_Walz,Tim_Walz
Tim_Walz,Tim_Walz
Tim_Walz,Tim_Walz
Tim_Walz,Tim_Walz
Tim_Walz,Tim_Walz
Tim_Walz,Tim_Walz
Tim_Walz,Tim_Walz
Tim_Walz,Tim_Walz
Tim_Walz,Tim_Walz
Tim_Walz,Scott_Peters_(politician)
Tim_Walz,Scott_Peters_(politician)
Marcia_Fudge,Marcy_Kaptur
Marcia_Fudge,Tim_Ryan_(Ohio_politician)
Marcia_Fudge,Paul_Tonko
Marcia_Fudge,Karen_Bass
Marcia_Fudge,Tim_Ryan_(Ohio_politician)
Marcia_Fudge,Nancy_Pelosi
John_Carter_(Texas_politician),Paul_Ryan
John_Carter_(Texas_politician),Paul_Ryan
John_Carter_(Texas_politician),Pete_Sessions
John_Carter_(Texas_politician),Paul_Ryan
John_Carter_(Texas_politician),Paul_Ryan
John_Carter_(Texas_politician),Paul_Ryan
Nita_Lowey,Mike_Quigley_(politician)
Nita_Lowey,Barbara_Lee
Nita_Lowey,Eliot_Engel
Nita_Lowey,Steny_Hoyer
Nita_Lowey,Betty_McCollum
Nita_Lowey,Chellie_Pingree
Nita_Lowey,Lucille_Roybal-Allard
Austin_Scott_(politician),Austin_Scott_(politician)
Austin_Scott_(politician),Austin_Scott_(politician)
Austin_Scott_(politician),Austin_Scott_(politician)
Austin_Scott_(politician),Austin_Scott_(politician)
Austin_Scott_(politician),Austin_Scott_(politician)
Austin_Scott_(politician),Austin_Scott_(politician)
Austin_Scott_(politician),Austin_Scott_(politician)
Austin_Scott_(politician),Austin_Scott_(politician)
Austin_Scott_(politician),Austin_Scott_(politician)
Austin_Scott_(politician),Austin_Scott_(politician)
Austin_Scott_(politician),Austin_Scott_(politician)
Austin_Scott_(politician),Austin_Scott_(politician)
John_Conyers,Gerry_Connolly
John_Conyers,Jerry_Nadler
John_Conyers,Juan_Vargas
John_Conyers,Ileana_Ros-Lehtinen
Rick_Nolan,John_Yarmuth
Rick_Nolan,Mike_Gallagher_(American_politician)
Rod_Blum,Jim_Jordan_(American_politician)
Diane_Black,Steve_Scalise
Diane_Black,Matt_Gaetz
Diane_Black,Steve_Scalise
Diane_Black,Tom_O'Halleran
Yvette_Clarke,Nancy_Pelosi
Yvette_Clarke,Elijah_Cummings
Mike_Doyle_(American_politician),Hakeem_Jeffries
Mike_Doyle_(American_politician),John_Yarmuth
Mike_Doyle_(American_politician),Hank_Johnson
Mike_Doyle_(American_politician),Suzan_DelBene
Mike_Doyle_(American_politician),Stephanie_Murphy
Mike_Doyle_(American_politician),Denny_Heck
Mike_Doyle_(American_politician),Frank_Pallone
Ken_Buck,Paul_Ryan
Claudia_Tenney,Steve_Scalise
Claudia_Tenney,Adam_Kinzinger
Claudia_Tenney,Ileana_Ros-Lehtinen
Emanuel_Cleaver,Emanuel_Cleaver
Emanuel_Cleaver,Emanuel_Cleaver
Emanuel_Cleaver,Emanuel_Cleaver
Charlie_Dent,Marcy_Kaptur
Charlie_Dent,Jerry_McNerney
Charlie_Dent,David_Price_(American_politician)
Charlie_Dent,Nanette_Barragán
Charlie_Dent,Eddie_Bernice_Johnson
Charlie_Dent,Raúl_Grijalva
Charlie_Dent,Donald_Norcross
Charlie_Dent,Gwen_Moore
Charlie_Dent,Salud_Carbajal
Charlie_Dent,Alcee_Hastings
Charlie_Dent,Suzanne_Bonamici
Charlie_Dent,Nanette_Barragán
Joe_Kennedy_III,John_Lewis_(civil_rights_leader)
Joe_Kennedy_III,Dan_Kildee
Joe_Kennedy_III,Steny_Hoyer
Joe_Kennedy_III,Niki_Tsongas
Joe_Kennedy_III,Seth_Moulton
Linda_Sánchez,John_Lewis_(civil_rights_leader)
Linda_Sánchez,John_Lewis_(civil_rights_leader)
Linda_Sánchez,Rosa_DeLauro
Linda_Sánchez,Linda_Sánchez
Linda_Sánchez,Sheila_Jackson_Lee
Linda_Sánchez,Marc_Veasey
Linda_Sánchez,Rosa_DeLauro
Linda_Sánchez,Bill_Pascrell
Linda_Sánchez,Lois_Frankel
Linda_Sánchez,Bonnie_Watson_Coleman
Linda_Sánchez,Joe_Crowley
Linda_Sánchez,Mike_Thompson_(California_politician)
Linda_Sánchez,Earl_Blumenauer
Linda_Sánchez,Adriano_Espaillat
Linda_Sánchez,Richard_Neal
Linda_Sánchez,John_B._Larson
Linda_Sánchez,Marc_Veasey
Linda_Sánchez,Joe_Crowley
Linda_Sánchez,Lloyd_Doggett
Linda_Sánchez,Rosa_DeLauro
Linda_Sánchez,Rosa_DeLauro
Linda_Sánchez,Frank_Pallone
Linda_Sánchez,Jim_Clyburn
Linda_Sánchez,Rosa_DeLauro
Linda_Sánchez,Alan_Lowenthal
Linda_Sánchez,Stephanie_Murphy
Linda_Sánchez,Doris_Matsui
Linda_Sánchez,Nancy_Pelosi
Linda_Sánchez,Stephanie_Murphy
Linda_Sánchez,Mike_Quigley_(politician)
Linda_Sánchez,Adam_Schiff
Linda_Sánchez,Donald_Norcross
Linda_Sánchez,Judy_Chu
Linda_Sánchez,Rosa_DeLauro
Linda_Sánchez,Steny_Hoyer
Linda_Sánchez,Joe_Crowley
Linda_Sánchez,Ann_McLane_Kuster
Linda_Sánchez,John_Lewis_(civil_rights_leader)
Linda_Sánchez,Jim_Clyburn
Linda_Sánchez,Nanette_Barragán
Linda_Sánchez,Terri_Sewell
Linda_Sánchez,Lou_Correa
Linda_Sánchez,Judy_Chu
Linda_Sánchez,Gerry_Connolly
Linda_Sánchez,Ted_Deutch
Linda_Sánchez,Marc_Veasey
Linda_Sánchez,Ro_Khanna
Linda_Sánchez,Steny_Hoyer
Linda_Sánchez,Emanuel_Cleaver
Linda_Sánchez,Rosa_DeLauro
Linda_Sánchez,John_Garamendi
Linda_Sánchez,Lucille_Roybal-Allard
Linda_Sánchez,Lou_Correa
Linda_Sánchez,Jimmy_Panetta
Linda_Sánchez,Adam_Schiff
Linda_Sánchez,Julia_Brownley
Linda_Sánchez,Nanette_Barragán
Linda_Sánchez,Scott_Peters_(politician)
Linda_Sánchez,Rosa_DeLauro
Linda_Sánchez,John_B._Larson
Linda_Sánchez,John_Yarmuth
James_Comer_(politician),Bob_Goodlatte
Scott_Tipton,Paul_Ryan
Scott_Tipton,Tom_Graves
Scott_Tipton,Paul_Ryan
Scott_Tipton,Cathy_McMorris_Rodgers
Dave_Reichert,Kevin_Brady
Gregg_Harper,Paul_Ryan
Gregg_Harper,Paul_Ryan
Gregg_Harper,Bradley_Byrne
Gregg_Harper,Cathy_McMorris_Rodgers
Gregg_Harper,Cathy_McMorris_Rodgers
Alex_Mooney,Dave_Reichert
Alex_Mooney,Steve_Scalise
John_Yarmuth,Debbie_Dingell
John_Yarmuth,John_Sarbanes
John_Yarmuth,Sheila_Jackson_Lee
John_Yarmuth,Raúl_Grijalva
John_Yarmuth,Mike_Doyle_(American_politician)
John_Yarmuth,Frank_Pallone
John_Yarmuth,Suzan_DelBene
John_Yarmuth,John_Lewis_(civil_rights_leader)
John_Yarmuth,Cheri_Bustos
John_Yarmuth,Ann_McLane_Kuster
John_Yarmuth,Ro_Khanna
John_Yarmuth,John_Yarmuth
John_Yarmuth,Val_Demings
John_Yarmuth,Pramila_Jayapal
Doug_Collins_(politician),Pete_Sessions
Doug_Collins_(politician),Paul_Ryan
Doug_Collins_(politician),Steve_Scalise
Doug_Collins_(politician),Doug_Collins_(politician)
Doug_Collins_(politician),Claudia_Tenney
Jim_Bridenstine,Lamar_Smith
Jim_Bridenstine,Thomas_Massie
Jim_Bridenstine,Doug_Lamborn
Jim_Bridenstine,Lamar_Smith
Jim_Bridenstine,Brian_Babin
Jim_Bridenstine,Doug_Lamborn
Jim_Bridenstine,Justin_Amash
Jim_Bridenstine,Daniel_Webster_(Florida_politician)
Jim_Bridenstine,Jeff_Duncan_(politician)
Jim_Bridenstine,Randy_Weber
Jim_Bridenstine,Randy_Weber
Virginia_Foxx,Steve_Scalise
Virginia_Foxx,Paul_Ryan
Virginia_Foxx,Cathy_McMorris_Rodgers
Virginia_Foxx,Paul_Ryan
Virginia_Foxx,Paul_Ryan
Virginia_Foxx,Paul_Ryan
Virginia_Foxx,Steve_Scalise
Virginia_Foxx,Paul_Ryan
Virginia_Foxx,Paul_Ryan
Darin_LaHood,Don_Young
Darin_LaHood,Don_Young
Darin_LaHood,Cathy_McMorris_Rodgers
Carol_Shea-Porter,Carol_Shea-Porter
Carol_Shea-Porter,Bobby_Scott_(politician)
Tom_Emmer,Paul_Ryan
Tom_Emmer,Paul_Ryan
Tom_Emmer,Paul_Ryan
Tom_Emmer,Paul_Ryan
Tom_Emmer,Patrick_McHenry
Bruce_Poliquin,Jacky_Rosen
Jeff_Duncan_(politician),Steve_Scalise
Jeff_Duncan_(politician),Steve_Scalise
Jeff_Duncan_(politician),Andy_Biggs
Jeff_Duncan_(politician),Kevin_McCarthy_(U.S._Representative)
Jeff_Duncan_(politician),Steve_Scalise
Jeff_Duncan_(politician),Steve_Scalise
Jeff_Duncan_(politician),Tom_Rice
Joyce_Beatty,Gwen_Moore
Joyce_Beatty,Robin_Kelly
Joyce_Beatty,Robin_Kelly
Joyce_Beatty,Mark_Pocan
Joyce_Beatty,Jerry_Nadler
Joyce_Beatty,Frederica_Wilson
Joyce_Beatty,Raul_Ruiz_(politician)
Joyce_Beatty,Steve_Stivers
Joyce_Beatty,Steve_Stivers
Joyce_Beatty,Ann_McLane_Kuster
Joyce_Beatty,Jackie_Speier
Joyce_Beatty,Mike_Doyle_(American_politician)
Joyce_Beatty,Elijah_Cummings
Bennie_Thompson,Elijah_Cummings
Bennie_Thompson,Hakeem_Jeffries
Bennie_Thompson,Debbie_Dingell
Bennie_Thompson,John_Yarmuth
Bennie_Thompson,Bonnie_Watson_Coleman
Bennie_Thompson,Cheri_Bustos
Bennie_Thompson,Bonnie_Watson_Coleman
Bennie_Thompson,Marc_Veasey
Bennie_Thompson,Elijah_Cummings
Bennie_Thompson,Frank_Pallone
Bennie_Thompson,Barbara_Lee
Bennie_Thompson,Jamie_Raskin
Bennie_Thompson,Bobby_Scott_(politician)
Bennie_Thompson,Stephanie_Murphy
Bennie_Thompson,Gwen_Moore
Bennie_Thompson,Dan_Kildee
Bennie_Thompson,Bonnie_Watson_Coleman
Bennie_Thompson,Denny_Heck
Bennie_Thompson,Jerry_Nadler
Bennie_Thompson,G._K._Butterfield
Bennie_Thompson,Bonnie_Watson_Coleman
Bennie_Thompson,Ann_McLane_Kuster
Bennie_Thompson,John_Yarmuth
Bennie_Thompson,Karen_Bass
Bennie_Thompson,Joyce_Beatty
Bennie_Thompson,Juan_Vargas
Bennie_Thompson,Joyce_Beatty
Bennie_Thompson,Steny_Hoyer
Bennie_Thompson,Frederica_Wilson
Bennie_Thompson,Nancy_Pelosi
Bennie_Thompson,Pramila_Jayapal
Bennie_Thompson,Adriano_Espaillat
Bennie_Thompson,Ted_Lieu
Bennie_Thompson,Joyce_Beatty
Bennie_Thompson,Cheri_Bustos
Bennie_Thompson,Tim_Walz
Bennie_Thompson,Elijah_Cummings
Bennie_Thompson,Katherine_Clark
Bennie_Thompson,Marcia_Fudge
Bennie_Thompson,Nancy_Pelosi
Bennie_Thompson,Joyce_Beatty
Bennie_Thompson,Donald_McEachin
Bennie_Thompson,Nancy_Pelosi
Bennie_Thompson,Al_Green_(politician)
Bennie_Thompson,Cedric_Richmond
Bennie_Thompson,Elizabeth_Esty
Dwight_Evans_(politician),Mike_Doyle_(American_politician)
Dwight_Evans_(politician),Dwight_Evans_(politician)
Dwight_Evans_(politician),Dwight_Evans_(politician)
Dwight_Evans_(politician),Dwight_Evans_(politician)
Dwight_Evans_(politician),John_Lewis_(civil_rights_leader)
Dwight_Evans_(politician),Dwight_Evans_(politician)
Dwight_Evans_(politician),Dwight_Evans_(politician)
Dwight_Evans_(politician),Dwight_Evans_(politician)
Dwight_Evans_(politician),Dwight_Evans_(politician)
Dwight_Evans_(politician),Dwight_Evans_(politician)
Dwight_Evans_(politician),Dwight_Evans_(politician)
Dwight_Evans_(politician),Dwight_Evans_(politician)
Dwight_Evans_(politician),Dwight_Evans_(politician)
Dwight_Evans_(politician),Dwight_Evans_(politician)
Dwight_Evans_(politician),Dwight_Evans_(politician)
Dwight_Evans_(politician),Dwight_Evans_(politician)
Dwight_Evans_(politician),Dwight_Evans_(politician)
Dwight_Evans_(politician),Dwight_Evans_(politician)
Dwight_Evans_(politician),John_Lewis_(civil_rights_leader)
Dwight_Evans_(politician),Dwight_Evans_(politician)
Dwight_Evans_(politician),Dwight_Evans_(politician)
Dwight_Evans_(politician),Dwight_Evans_(politician)
Dwight_Evans_(politician),Dwight_Evans_(politician)
Dwight_Evans_(politician),Dwight_Evans_(politician)
Dwight_Evans_(politician),Dwight_Evans_(politician)
Dwight_Evans_(politician),Barbara_Lee
Dwight_Evans_(politician),Dwight_Evans_(politician)
Dwight_Evans_(politician),Dwight_Evans_(politician)
Dwight_Evans_(politician),Dwight_Evans_(politician)
Dwight_Evans_(politician),Dwight_Evans_(politician)
Dwight_Evans_(politician),Dwight_Evans_(politician)
Dwight_Evans_(politician),Dwight_Evans_(politician)
Dwight_Evans_(politician),Dwight_Evans_(politician)
Dwight_Evans_(politician),Dwight_Evans_(politician)
Dwight_Evans_(politician),Dwight_Evans_(politician)
Dwight_Evans_(politician),Dwight_Evans_(politician)
Dwight_Evans_(politician),Dwight_Evans_(politician)
Dwight_Evans_(politician),Dwight_Evans_(politician)
Dwight_Evans_(politician),Dwight_Evans_(politician)
Dwight_Evans_(politician),Dwight_Evans_(politician)
Dwight_Evans_(politician),Dwight_Evans_(politician)
Dwight_Evans_(politician),Dwight_Evans_(politician)
Dwight_Evans_(politician),Dwight_Evans_(politician)
Dwight_Evans_(politician),Dwight_Evans_(politician)
Dwight_Evans_(politician),Dwight_Evans_(politician)
Dwight_Evans_(politician),Dwight_Evans_(politician)
Dwight_Evans_(politician),Dwight_Evans_(politician)
Dwight_Evans_(politician),Dwight_Evans_(politician)
Dwight_Evans_(politician),Dwight_Evans_(politician)
Dwight_Evans_(politician),Dwight_Evans_(politician)
Dwight_Evans_(politician),Dwight_Evans_(politician)
Dwight_Evans_(politician),Dwight_Evans_(politician)
Dwight_Evans_(politician),Dwight_Evans_(politician)
Dwight_Evans_(politician),Dwight_Evans_(politician)
Carlos_Curbelo,Ileana_Ros-Lehtinen
Carlos_Curbelo,Ileana_Ros-Lehtinen
Carlos_Curbelo,Ileana_Ros-Lehtinen
Carlos_Curbelo,Brian_Higgins
Carlos_Curbelo,Ileana_Ros-Lehtinen
Carlos_Curbelo,Steve_Scalise
Carlos_Curbelo,Ileana_Ros-Lehtinen
Carlos_Curbelo,Ileana_Ros-Lehtinen
Carlos_Curbelo,Josh_Gottheimer
Carlos_Curbelo,Josh_Gottheimer
Carlos_Curbelo,Joe_Wilson_(American_politician)
Carlos_Curbelo,Ileana_Ros-Lehtinen
Carlos_Curbelo,Pete_Olson
Carlos_Curbelo,Ileana_Ros-Lehtinen
Pramila_Jayapal,Elijah_Cummings
Pramila_Jayapal,Ro_Khanna
Pramila_Jayapal,Mark_Pocan
Pramila_Jayapal,Hakeem_Jeffries
Pramila_Jayapal,Joaquín_Castro
Pramila_Jayapal,Raúl_Grijalva
Pramila_Jayapal,Lloyd_Doggett
Pramila_Jayapal,Lucille_Roybal-Allard
Pramila_Jayapal,Jackie_Speier
Pramila_Jayapal,Ro_Khanna
Pramila_Jayapal,Nanette_Barragán
Pramila_Jayapal,Adam_Smith_(politician)
Karen_Bass,Karen_Bass
Karen_Bass,Karen_Bass
Karen_Bass,Yvette_Clarke
Karen_Bass,Terri_Sewell
Karen_Bass,Sheila_Jackson_Lee
Karen_Bass,Mia_Love
Tom_Graves,Kevin_McCarthy_(U.S._Representative)
Tom_Graves,Jim_Banks
Tom_Graves,Steve_Scalise
Tom_Graves,Steve_Scalise
Tom_Graves,Paul_Ryan
Tom_Graves,Paul_Ryan
Bradley_Byrne,Paul_Gosar
Bradley_Byrne,Martha_Roby
Bradley_Byrne,Alma_Adams
Bradley_Byrne,Alma_Adams
Bradley_Byrne,Steve_Scalise
Rosa_DeLauro,John_B._Larson
Rosa_DeLauro,Jan_Schakowsky
Rosa_DeLauro,Mark_Pocan
Rosa_DeLauro,Lucille_Roybal-Allard
Rosa_DeLauro,Brenda_Lawrence
Rosa_DeLauro,Ann_McLane_Kuster
Rosa_DeLauro,Mark_Pocan
Rosa_DeLauro,Lloyd_Doggett
Rosa_DeLauro,Nanette_Barragán
Rosa_DeLauro,Suzan_DelBene
Rosa_DeLauro,Adam_Schiff
George_Holding,Steve_Scalise
George_Holding,George_Holding
George_Holding,George_Holding
George_Holding,Richard_Hudson_(American_politician)
George_Holding,Patrick_McHenry
George_Holding,Richard_Hudson_(American_politician)
George_Holding,Kevin_Brady
George_Holding,Paul_Ryan
Barbara_Comstock,Paul_Ryan
Barbara_Comstock,Paul_Ryan
Barbara_Comstock,Paul_Ryan
Barbara_Comstock,Paul_Ryan
Barbara_Comstock,Paul_Ryan
Adam_Schiff,Joe_Kennedy_III
Kevin_Brady,Paul_Ryan
Kevin_Brady,Steve_Scalise
Kevin_Brady,Paul_Ryan
Kevin_Brady,Paul_Ryan
Kevin_Brady,Paul_Ryan
Hakeem_Jeffries,Gwen_Moore
Hakeem_Jeffries,Mark_Pocan
Hakeem_Jeffries,Nancy_Pelosi
Salud_Carbajal,Eric_Swalwell
Earl_Blumenauer,Joe_Kennedy_III
Earl_Blumenauer,John_Lewis_(civil_rights_leader)
Earl_Blumenauer,Dina_Titus
Mimi_Walters,Mimi_Walters
Bill_Shuster,Sam_Graves
Bill_Shuster,Paul_Ryan
Bill_Shuster,Steve_Scalise
Bill_Shuster,Paul_Ryan
Bill_Shuster,Lloyd_Smucker
Bill_Shuster,Steve_Scalise
Bill_Shuster,Lou_Barletta
Bill_Shuster,Steve_Scalise
Bill_Shuster,Steve_Scalise
Bill_Shuster,Steve_Scalise
Bill_Shuster,Steve_Scalise
Bill_Shuster,Steve_Scalise
Bill_Shuster,Steve_Scalise
Bill_Shuster,Kevin_McCarthy_(U.S._Representative)
Bill_Shuster,Lou_Barletta
Bill_Shuster,Steve_Scalise
Bill_Shuster,Kevin_McCarthy_(U.S._Representative)
Jim_Clyburn,Terri_Sewell
Jim_Clyburn,Nancy_Pelosi
Jim_Clyburn,Bobby_Scott_(politician)
Jim_Clyburn,Terri_Sewell
Jim_Clyburn,Donald_McEachin
Jim_Clyburn,Joe_Crowley
Jim_Clyburn,Cedric_Richmond
Jim_Clyburn,Jim_Clyburn
Jim_Clyburn,Henry_Cuellar
Jim_Clyburn,Jamie_Raskin
Robin_Kelly,John_Lewis_(civil_rights_leader)
Robin_Kelly,Hakeem_Jeffries
Robin_Kelly,Terri_Sewell
Robin_Kelly,Joyce_Beatty
Robin_Kelly,Sheila_Jackson_Lee
Robin_Kelly,Jan_Schakowsky
Robin_Kelly,Steny_Hoyer
Robin_Kelly,Frank_Pallone
Robin_Kelly,Joyce_Beatty
Mike_Coffman,Paul_Ryan
Ted_Poe,Norma_Torres
Ted_Poe,Steve_Scalise
Ted_Poe,Garret_Graves
Ted_Poe,Cathy_McMorris_Rodgers
Ted_Poe,Cathy_McMorris_Rodgers
Cathy_McMorris_Rodgers,Steve_Scalise
Rob_Woodall,Paul_Ryan
Rob_Woodall,Paul_Ryan
Suzan_DelBene,Suzanne_Bonamici
Suzan_DelBene,Terri_Sewell
Sander_Levin,John_Lewis_(civil_rights_leader)
Sander_Levin,Steny_Hoyer
Sander_Levin,Elijah_Cummings
Sander_Levin,David_Joyce_(politician)
Sander_Levin,John_Yarmuth
Anna_Eshoo,Jim_McGovern_(American_politician)
Anna_Eshoo,Donald_McEachin
Anna_Eshoo,Donald_McEachin
Anna_Eshoo,Mike_Doyle_(American_politician)
Anna_Eshoo,Erik_Paulsen
Anna_Eshoo,Debbie_Dingell
Anna_Eshoo,Mike_Doyle_(American_politician)
Anna_Eshoo,Diana_DeGette
Anna_Eshoo,Anna_Eshoo
Anna_Eshoo,Alan_Lowenthal
Anna_Eshoo,Mike_Thompson_(California_politician)
Anna_Eshoo,Mark_DeSaulnier
Anna_Eshoo,Mike_Doyle_(American_politician)
Anna_Eshoo,Pramila_Jayapal
Anna_Eshoo,Nancy_Pelosi
Anna_Eshoo,Mike_Doyle_(American_politician)
Anna_Eshoo,Susan_Brooks
Anna_Eshoo,Susan_Brooks
Anna_Eshoo,Mark_DeSaulnier
Anna_Eshoo,Mark_DeSaulnier
Anna_Eshoo,Jackie_Speier
Anna_Eshoo,Rosa_DeLauro
Anna_Eshoo,Juan_Vargas
Anna_Eshoo,Tony_Cárdenas
Anna_Eshoo,Val_Demings
Anna_Eshoo,Doris_Matsui
Anna_Eshoo,Jerry_McNerney
Nanette_Barragán,John_Lewis_(civil_rights_leader)
Nanette_Barragán,Lucille_Roybal-Allard
Nanette_Barragán,Charlie_Dent
Nanette_Barragán,Karen_Bass
Nanette_Barragán,John_Sarbanes
André_Carson,Hank_Johnson
André_Carson,Dan_Kildee
André_Carson,Stephanie_Murphy
André_Carson,Steny_Hoyer
Dana_Rohrabacher,Thomas_Massie
Dana_Rohrabacher,Alan_Lowenthal
Paul_Mitchell_(politician),Luke_Messer
Nancy_Pelosi,Gwen_Moore
Nancy_Pelosi,Elijah_Cummings
Nancy_Pelosi,Hakeem_Jeffries
Nancy_Pelosi,Joaquín_Castro
Nancy_Pelosi,Debbie_Dingell
Nancy_Pelosi,Kevin_Brady
Nancy_Pelosi,John_Yarmuth
Nancy_Pelosi,Mark_Pocan
Nancy_Pelosi,Joyce_Beatty
Nancy_Pelosi,Hank_Johnson
Nancy_Pelosi,Raul_Ruiz_(politician)
Nancy_Pelosi,Karen_Bass
Nancy_Pelosi,John_Sarbanes
Nancy_Pelosi,Lucille_Roybal-Allard
Nancy_Pelosi,Terri_Sewell
Nancy_Pelosi,Ann_McLane_Kuster
Nancy_Pelosi,Sheila_Jackson_Lee
Nancy_Pelosi,James_Langevin
Nancy_Pelosi,Raúl_Grijalva
Nancy_Pelosi,Lloyd_Doggett
Nancy_Pelosi,Richard_Neal
Nancy_Pelosi,Mike_Doyle_(American_politician)
Nancy_Pelosi,Lloyd_Doggett
Nancy_Pelosi,Elijah_Cummings
Nancy_Pelosi,Frank_Pallone
Nancy_Pelosi,Elijah_Cummings
Nancy_Pelosi,Anna_Eshoo
Nancy_Pelosi,Suzan_DelBene
Nancy_Pelosi,Jamie_Raskin
Matt_Cartwright,Ro_Khanna
Matt_Cartwright,Ro_Khanna
Matt_Cartwright,Ileana_Ros-Lehtinen
Matt_Cartwright,Ted_Lieu
Matt_Cartwright,Jan_Schakowsky
Matt_Cartwright,Marc_Veasey
Matt_Cartwright,Peter_Roskam
Matt_Cartwright,Brenda_Lawrence
Lisa_Blunt_Rochester,Lois_Frankel
Lisa_Blunt_Rochester,Nancy_Pelosi
Francis_Rooney,Terri_Sewell
Francis_Rooney,Ileana_Ros-Lehtinen
Francis_Rooney,Ted_Deutch
Francis_Rooney,Francis_Rooney
Francis_Rooney,Adam_Kinzinger
Francis_Rooney,Mike_Thompson_(California_politician)
Francis_Rooney,Francis_Rooney
Francis_Rooney,Andy_Barr_(American_politician)
Anthony_G._Brown,Don_Beyer
Anthony_G._Brown,Elijah_Cummings
Anthony_G._Brown,Maxine_Waters
Anthony_G._Brown,John_Yarmuth
Anthony_G._Brown,Dutch_Ruppersberger
Anthony_G._Brown,Anthony_G._Brown
Anthony_G._Brown,Anthony_G._Brown
Anthony_G._Brown,Raúl_Grijalva
Anthony_G._Brown,Don_Beyer
Anthony_G._Brown,Anthony_G._Brown
Anthony_G._Brown,Barbara_Lee
Anthony_G._Brown,Elijah_Cummings
Anthony_G._Brown,Gerry_Connolly
Anthony_G._Brown,Anthony_G._Brown
Anthony_G._Brown,Nancy_Pelosi
Anthony_G._Brown,Anthony_G._Brown
Anthony_G._Brown,Anthony_G._Brown
Anthony_G._Brown,Anthony_G._Brown
Jerry_Nadler,Eric_Swalwell
Jerry_Nadler,Hakeem_Jeffries
Jerry_Nadler,John_Lewis_(civil_rights_leader)
Jerry_Nadler,Joe_Kennedy_III
Jerry_Nadler,Jerry_Nadler
Jerry_Nadler,Jan_Schakowsky
Jerry_Nadler,Carolyn_Maloney
Jerry_Nadler,Adam_Schiff
Jerry_Nadler,Jerry_Nadler
Jerry_Nadler,Nancy_Pelosi
Jerry_Nadler,Brad_Schneider
Jerry_Nadler,Carolyn_Maloney
Jerry_Nadler,Jerry_Nadler
Jerry_Nadler,Jerry_Nadler
Jerry_Nadler,Jerry_Nadler
Jerry_Nadler,Jim_McGovern_(American_politician)
Jerry_Nadler,Jerry_Nadler
Jerry_Nadler,Joe_Kennedy_III
Jerry_Nadler,Jamie_Raskin
Jerry_Nadler,Jerry_Nadler
Jerry_Nadler,Jerry_Nadler
Jerry_Nadler,Jerry_Nadler
Jerry_Nadler,Jerry_Nadler
Markwayne_Mullin,Katherine_Clark
Markwayne_Mullin,Martha_McSally
Patrick_McHenry,David_Price_(American_politician)
Patrick_McHenry,Richard_Hudson_(American_politician)
Patrick_McHenry,Paul_Ryan
Patrick_McHenry,Paul_Ryan
Patrick_McHenry,George_Holding
Patrick_McHenry,Richard_Hudson_(American_politician)
Patrick_McHenry,Paul_Ryan
Patrick_McHenry,Steve_Scalise
Patrick_McHenry,Kevin_McCarthy_(U.S._Representative)
Patrick_McHenry,Steve_Scalise
Patrick_McHenry,Paul_Ryan
Patrick_McHenry,Paul_Ryan
Gerry_Connolly,Don_Beyer
Gerry_Connolly,Steny_Hoyer
Gerry_Connolly,Scott_Peters_(politician)
Gerry_Connolly,Don_Beyer
Jeff_Denham,Steve_Knight_(politician)
Jeff_Denham,Sean_Duffy
John_Moolenaar,Sanford_Bishop
John_Moolenaar,Debbie_Dingell
John_Moolenaar,Marcy_Kaptur
John_Moolenaar,Jack_Bergman
Debbie_Wasserman_Schultz,John_Lewis_(civil_rights_leader)
Debbie_Wasserman_Schultz,John_Lewis_(civil_rights_leader)
Dan_Kildee,Hakeem_Jeffries
Dan_Kildee,Stephanie_Murphy
Jared_Huffman,Steny_Hoyer
Jared_Huffman,Nancy_Pelosi
Jared_Huffman,Mark_DeSaulnier
Jared_Huffman,Bruce_Westerman
Jared_Huffman,Adam_Schiff
Jared_Huffman,Steny_Hoyer
Jared_Huffman,Nanette_Barragán
Jared_Huffman,Nancy_Pelosi
Jared_Huffman,Adam_Schiff
Mark_Walker_(North_Carolina_politician),Mark_Walker_(North_Carolina_politician)
Mark_Walker_(North_Carolina_politician),Mark_Walker_(North_Carolina_politician)
John_Ratcliffe_(American_politician),Ro_Khanna
John_Ratcliffe_(American_politician),James_Langevin
John_Ratcliffe_(American_politician),Bruce_Westerman
John_Ratcliffe_(American_politician),Mark_Walker_(North_Carolina_politician)
John_Ratcliffe_(American_politician),Ro_Khanna
Andy_Biggs,Steve_Scalise
David_Joyce_(politician),Steve_Scalise
David_Joyce_(politician),David_Joyce_(politician)
David_Joyce_(politician),David_Joyce_(politician)
David_Joyce_(politician),Paul_Ryan
David_Joyce_(politician),Paul_Ryan
David_Joyce_(politician),Steve_Stivers
Steve_Chabot,Steve_Scalise
Bob_Gibbs,Kevin_McCarthy_(U.S._Representative)
Bob_Gibbs,Paul_Ryan
Bob_Gibbs,Tom_Graves
Bob_Gibbs,Paul_Ryan
Bob_Gibbs,Steve_Scalise
Bob_Gibbs,Steve_Scalise
Bob_Gibbs,Jeff_Denham
Bob_Gibbs,Rick_W._Allen
Bob_Gibbs,Paul_Ryan
Bob_Gibbs,David_McKinley
Ryan_Costello,Dave_Loebsack
Ryan_Costello,André_Carson
Ryan_Costello,Stephanie_Murphy
Ryan_Costello,Nanette_Barragán
Ryan_Costello,Tom_Emmer
Ryan_Costello,Jackie_Speier
Steve_Chabot,Paul_Ryan
Steve_Chabot,Steve_Chabot
Steve_Chabot,Rick_Nolan
Steve_Chabot,Steve_Chabot
Steve_Chabot,Paul_Ryan
Steve_Chabot,Bob_Goodlatte
Steve_Chabot,Alan_Lowenthal
Steve_Chabot,Steve_Chabot
Steve_Chabot,Virginia_Foxx
Steve_Chabot,Bob_Goodlatte
Steve_Chabot,Joe_Crowley
Brendan_Boyle,Dan_Kildee
Niki_Tsongas,Brenda_Lawrence
Niki_Tsongas,Jackie_Speier
Niki_Tsongas,Kathy_Castor
Niki_Tsongas,Katherine_Clark
Kevin_Brady,Sean_Duffy
Kevin_Brady,Mimi_Walters
Vern_Buchanan,Ileana_Ros-Lehtinen
Alan_Lowenthal,John_Lewis_(civil_rights_leader)
Alan_Lowenthal,Alan_Lowenthal
Mia_Love,Steve_Scalise
Glenn_Thompson_(politician),Steve_Scalise
Glenn_Thompson_(politician),Derek_Kilmer
Glenn_Thompson_(politician),James_Langevin
Glenn_Thompson_(politician),Tom_Marino
Glenn_Thompson_(politician),Paul_Ryan
Glenn_Thompson_(politician),Paul_Ryan
Glenn_Thompson_(politician),Raja_Krishnamoorthi
Glenn_Thompson_(politician),Paul_Ryan
Glenn_Thompson_(politician),Raja_Krishnamoorthi
Glenn_Thompson_(politician),Derek_Kilmer
Ron_DeSantis,Ileana_Ros-Lehtinen
Ron_DeSantis,Lee_Zeldin
Ron_DeSantis,Jim_Jordan_(American_politician)
Ron_DeSantis,Mark_Meadows_(North_Carolina_politician)
Ron_DeSantis,Rod_Blum
Ron_DeSantis,Ileana_Ros-Lehtinen
David_McKinley,Steve_Scalise
David_McKinley,Cathy_McMorris_Rodgers
David_McKinley,Daniel_Webster_(Florida_politician)
David_McKinley,Paul_Ryan
David_McKinley,Cathy_McMorris_Rodgers
David_McKinley,Bill_Flores
David_McKinley,Bill_Flores
David_McKinley,Steve_Scalise
Jim_Himes,Bill_Pascrell
Jim_Himes,Justin_Amash
Jim_Himes,Mike_Coffman
Paul_Ryan,Sanford_Bishop
Paul_Ryan,Greg_Walden
Paul_Ryan,Bob_Latta
Paul_Ryan,Patrick_McHenry
Paul_Ryan,Sanford_Bishop
Paul_Ryan,Dave_Reichert
Paul_Ryan,Mike_Coffman
Paul_Ryan,Tom_Graves
Paul_Ryan,Andy_Barr_(American_politician)
Paul_Ryan,Steve_Scalise
Henry_Cuellar,Henry_Cuellar
Henry_Cuellar,Henry_Cuellar
Ann_McLane_Kuster,Joe_Kennedy_III
Ann_McLane_Kuster,John_Sarbanes
Ann_McLane_Kuster,Raúl_Grijalva
Ann_McLane_Kuster,Lois_Frankel
Ann_McLane_Kuster,Cheri_Bustos
Ann_McLane_Kuster,Cheri_Bustos
Tom_O'Halleran,Tom_O'Halleran
Tom_O'Halleran,Kyrsten_Sinema
Tom_O'Halleran,Tom_O'Halleran
Tom_O'Halleran,Tom_O'Halleran
Tom_O'Halleran,Tom_O'Halleran
Marsha_Blackburn,Steve_Scalise
Suzanne_Bonamici,Kurt_Schrader
Suzanne_Bonamici,John_Yarmuth
Suzanne_Bonamici,Lois_Frankel
Suzanne_Bonamici,Nanette_Barragán
Suzanne_Bonamici,Steny_Hoyer
Suzanne_Bonamici,Pramila_Jayapal
Suzanne_Bonamici,Lois_Frankel
Suzanne_Bonamici,Ann_McLane_Kuster
Suzanne_Bonamici,Sheila_Jackson_Lee
Suzanne_Bonamici,Raúl_Grijalva
Suzanne_Bonamici,Lois_Frankel
Suzanne_Bonamici,Suzanne_Bonamici
Suzanne_Bonamici,Jamie_Raskin
Scott_DesJarlais,Peter_Roskam
Scott_DesJarlais,Mike_Simpson
Scott_DesJarlais,Jeff_Duncan_(politician)
Scott_DesJarlais,Steve_Scalise
Scott_DesJarlais,Andy_Barr_(American_politician)
Scott_DesJarlais,Steve_Womack
Scott_DesJarlais,Bob_Latta
Scott_DesJarlais,Steve_Scalise
Scott_DesJarlais,Steve_Scalise
Scott_DesJarlais,Sean_Duffy
Scott_DesJarlais,Roger_Williams_(American_politician)
Scott_DesJarlais,Virginia_Foxx
Scott_DesJarlais,Sanford_Bishop
Scott_DesJarlais,Buddy_Carter
Scott_DesJarlais,Jeff_Denham
Scott_DesJarlais,Brad_Wenstrup
Scott_DesJarlais,Lee_Zeldin
Scott_DesJarlais,Andy_Barr_(American_politician)
Scott_DesJarlais,Robert_Aderholt
Scott_DesJarlais,Mike_Rogers_(Alabama_politician)
Scott_DesJarlais,Paul_Gosar
Scott_DesJarlais,Kevin_McCarthy_(U.S._Representative)
Scott_DesJarlais,Rob_Woodall
Scott_DesJarlais,Marsha_Blackburn
Scott_DesJarlais,Jim_Banks
Scott_DesJarlais,Darrell_Issa
Scott_DesJarlais,Mimi_Walters
Scott_DesJarlais,Bill_Flores
Scott_DesJarlais,French_Hill_(politician)
Scott_DesJarlais,Patrick_McHenry
Scott_DesJarlais,Paul_Gosar
Scott_DesJarlais,Kevin_McCarthy_(U.S._Representative)
John_Rutherford_(Florida_politician),Cathy_McMorris_Rodgers
Lamar_Smith,Randy_Weber
Lamar_Smith,Paul_Ryan
Steny_Hoyer,Gwen_Moore
Steny_Hoyer,Elijah_Cummings
Steny_Hoyer,Joaquín_Castro
Steny_Hoyer,Diana_DeGette
Steny_Hoyer,Kevin_Brady
Steny_Hoyer,Mark_Pocan
Steny_Hoyer,Joyce_Beatty
Steny_Hoyer,Hank_Johnson
Steny_Hoyer,Mike_Doyle_(American_politician)
Steny_Hoyer,Alma_Adams
Steny_Hoyer,Jerry_Nadler
Steny_Hoyer,Raul_Ruiz_(politician)
Steny_Hoyer,Karen_Bass
Steny_Hoyer,John_Sarbanes
Steny_Hoyer,Terri_Sewell
Steny_Hoyer,Ann_McLane_Kuster
Steny_Hoyer,Sheila_Jackson_Lee
Steny_Hoyer,Terri_Sewell
Steny_Hoyer,John_Lewis_(civil_rights_leader)
Steny_Hoyer,Marc_Veasey
Steny_Hoyer,Brenda_Lawrence
Steny_Hoyer,Lois_Frankel
Steny_Hoyer,Raúl_Grijalva
Steny_Hoyer,Richard_Neal
Susan_Brooks,Paul_Ryan
Susan_Brooks,Paul_Ryan
Susan_Brooks,Paul_Ryan
Susan_Brooks,Greg_Walden
Susan_Brooks,Steve_Scalise
Scott_DesJarlais,Ted_Lieu
Scott_DesJarlais,Paul_Ryan
Scott_DesJarlais,Bobby_Scott_(politician)
Scott_DesJarlais,Paul_Ryan
Scott_DesJarlais,Kevin_McCarthy_(U.S._Representative)
Kathy_Castor,Hakeem_Jeffries
Kathy_Castor,John_Lewis_(civil_rights_leader)
Kathy_Castor,Debbie_Dingell
Kathy_Castor,Charlie_Dent
Kathy_Castor,John_Yarmuth
Kathy_Castor,Mark_Pocan
Kathy_Castor,Terri_Sewell
Kathy_Castor,Ann_McLane_Kuster
Kathy_Castor,Sheila_Jackson_Lee
Kathy_Castor,Raúl_Grijalva
Kathy_Castor,Richard_Neal
Kathy_Castor,Mike_Doyle_(American_politician)
Kathy_Castor,Elijah_Cummings
Kathy_Castor,Suzan_DelBene
Kathy_Castor,David_Cicilline
Kathy_Castor,Bill_Pascrell
Kathy_Castor,Cheri_Bustos
Sheila_Jackson_Lee,John_Lewis_(civil_rights_leader)
Sheila_Jackson_Lee,Nancy_Pelosi
Sheila_Jackson_Lee,Hank_Johnson
Sheila_Jackson_Lee,Nancy_Pelosi
Sheila_Jackson_Lee,Katherine_Clark
Sheila_Jackson_Lee,Nancy_Pelosi
Sheila_Jackson_Lee,Adam_Schiff
Steve_Knight_(politician),Paul_Ryan
Steve_Knight_(politician),Paul_Ryan
Donald_Norcross,Bonnie_Watson_Coleman
Donald_Norcross,Jan_Schakowsky
Donald_Norcross,Jan_Schakowsky
Donald_Norcross,Debbie_Dingell
Donald_Norcross,Mark_Pocan
Donald_Norcross,Adam_Schiff
Donald_Norcross,Joe_Kennedy_III
Scott_Perry_(politician),Mark_Meadows_(North_Carolina_politician)
Scott_Perry_(politician),Mark_Meadows_(North_Carolina_politician)
Scott_Perry_(politician),Lee_Zeldin
Scott_Perry_(politician),Mark_Meadows_(North_Carolina_politician)
Scott_Perry_(politician),Justin_Amash
Scott_Perry_(politician),Justin_Amash
Scott_Perry_(politician),Justin_Amash
Scott_Perry_(politician),Jim_Jordan_(American_politician)
Scott_Perry_(politician),Jim_Jordan_(American_politician)
Scott_Perry_(politician),Jim_Jordan_(American_politician)
Scott_Perry_(politician),Jim_Jordan_(American_politician)
Scott_Perry_(politician),Jim_Jordan_(American_politician)
Scott_Perry_(politician),Jim_Jordan_(American_politician)
Scott_Perry_(politician),Jim_Jordan_(American_politician)
Scott_Perry_(politician),Jim_Jordan_(American_politician)
Scott_Perry_(politician),Jim_Jordan_(American_politician)
Scott_Perry_(politician),Jim_Jordan_(American_politician)
Scott_Perry_(politician),Jim_Jordan_(American_politician)
Scott_Perry_(politician),Jim_Jordan_(American_politician)
Scott_Perry_(politician),Jim_Jordan_(American_politician)
Scott_Perry_(politician),Jim_Jordan_(American_politician)
Scott_Perry_(politician),Jim_Jordan_(American_politician)
Scott_Perry_(politician),Jim_Jordan_(American_politician)
Scott_Perry_(politician),Jim_Jordan_(American_politician)
Scott_Perry_(politician),Jim_Jordan_(American_politician)
Trey_Gowdy,Paul_Ryan
Trey_Gowdy,John_Ratcliffe_(American_politician)
Trey_Gowdy,John_Ratcliffe_(American_politician)
Don_Young,Suzanne_Bonamici
Don_Young,Cathy_McMorris_Rodgers
Don_Young,Paul_Ryan
Don_Young,Paul_Ryan
Tim_Ryan_(Ohio_politician),Barbara_Lee
Tim_Ryan_(Ohio_politician),Marcy_Kaptur
Tim_Ryan_(Ohio_politician),Marcy_Kaptur
Ileana_Ros-Lehtinen,Carlos_Curbelo
Dina_Titus,Gerry_Connolly
Raul_Ruiz_(politician),John_Yarmuth
Raul_Ruiz_(politician),Lou_Correa
Raul_Ruiz_(politician),Diana_DeGette
Frank_Pallone,John_Yarmuth
Frank_Pallone,Mark_Pocan
Frank_Pallone,Hank_Johnson
Frank_Pallone,Karen_Bass
Frank_Pallone,Bonnie_Watson_Coleman
Frank_Pallone,Ann_McLane_Kuster
Lois_Frankel,Hakeem_Jeffries
Lois_Frankel,Joe_Kennedy_III
Lois_Frankel,Debbie_Dingell
Lois_Frankel,Kevin_Brady
Lois_Frankel,John_Yarmuth
Lois_Frankel,Steny_Hoyer
Lois_Frankel,Don_Young
Lois_Frankel,Susan_Brooks
Lois_Frankel,Nita_Lowey
Lois_Frankel,Mike_Doyle_(American_politician)
Lois_Frankel,Karen_Bass
Lois_Frankel,John_Sarbanes
Lois_Frankel,Chellie_Pingree
Lois_Frankel,Pramila_Jayapal
Lois_Frankel,Terri_Sewell
Lois_Frankel,Karen_Bass
Lois_Frankel,Cheri_Bustos
Lois_Frankel,Julia_Brownley
Lois_Frankel,Mike_Quigley_(politician)
Lois_Frankel,Kathy_Castor
Lois_Frankel,Brenda_Lawrence
Lois_Frankel,Jackie_Speier
Lois_Frankel,Nancy_Pelosi
Lois_Frankel,Raúl_Grijalva
Lois_Frankel,Gwen_Moore
Lois_Frankel,Nancy_Pelosi
Lois_Frankel,Richard_Neal
Lois_Frankel,Nancy_Pelosi
Billy_Long,Paul_Ryan
Bill_Huizenga,Steve_Scalise
Bill_Huizenga,Paul_Ryan
Bill_Huizenga,Steve_Scalise
Bill_Huizenga,Steve_Scalise
Bill_Huizenga,Paul_Ryan
Bill_Huizenga,Paul_Ryan
Bill_Huizenga,Steve_Scalise
Bill_Huizenga,Paul_Ryan
Bill_Huizenga,Paul_Ryan
Bill_Huizenga,Paul_Ryan
Bill_Huizenga,Paul_Ryan
Bill_Huizenga,Paul_Ryan
Bill_Huizenga,Paul_Ryan
Bill_Huizenga,Paul_Ryan
Bill_Huizenga,Paul_Ryan
Bill_Huizenga,Steve_Scalise
Bill_Huizenga,Paul_Ryan
Bill_Huizenga,Steve_Scalise
Bill_Huizenga,Kevin_McCarthy_(U.S._Representative)
Bill_Huizenga,Paul_Ryan
Bill_Huizenga,Paul_Ryan
Bill_Huizenga,Kevin_McCarthy_(U.S._Representative)
Bill_Huizenga,Paul_Ryan
Bill_Huizenga,Steve_Scalise
Bill_Huizenga,Andy_Barr_(American_politician)
Bill_Huizenga,Kevin_McCarthy_(U.S._Representative)
Bill_Huizenga,Kevin_McCarthy_(U.S._Representative)
Bill_Huizenga,Kevin_McCarthy_(U.S._Representative)
Bill_Huizenga,Paul_Ryan
Bill_Huizenga,Paul_Ryan
Raúl_Labrador,Martha_McSally
Matt_Gaetz,Jim_Jordan_(American_politician)
Matt_Gaetz,Thomas_Massie
Alma_Adams,Sheila_Jackson_Lee
Alma_Adams,Nancy_Pelosi
Alma_Adams,Anthony_G._Brown
Alma_Adams,Nancy_Pelosi
Alma_Adams,Gwen_Moore
Alma_Adams,Gwen_Moore
Bill_Foster_(politician),Eliot_Engel
Bill_Foster_(politician),Jerry_Nadler
Betty_McCollum,Elijah_Cummings
Betty_McCollum,Hakeem_Jeffries
Betty_McCollum,Debbie_Dingell
Betty_McCollum,John_Yarmuth
Betty_McCollum,Mark_Pocan
Betty_McCollum,Raúl_Grijalva
Betty_McCollum,Richard_Neal
Betty_McCollum,Mike_Doyle_(American_politician)
Betty_McCollum,Frank_Pallone
Betty_McCollum,Suzan_DelBene
Glenn_Grothman,Frederica_Wilson
Alcee_Hastings,Elijah_Cummings
Alcee_Hastings,Hakeem_Jeffries
Alcee_Hastings,Debbie_Dingell
Alcee_Hastings,Kevin_Brady
Alcee_Hastings,John_Yarmuth
Alcee_Hastings,Mark_Pocan
Alcee_Hastings,Ro_Khanna
Alcee_Hastings,Mike_Doyle_(American_politician)
Alcee_Hastings,Alma_Adams
Alcee_Hastings,Alma_Adams
Alcee_Hastings,Terri_Sewell
Alcee_Hastings,Frank_Pallone
Alcee_Hastings,Stephanie_Murphy
Alcee_Hastings,Gwen_Moore
Alcee_Hastings,Jim_McGovern_(American_politician)
Alcee_Hastings,Denny_Heck
Alcee_Hastings,Adam_Schiff
Alcee_Hastings,Jerry_Nadler
Alcee_Hastings,Anthony_G._Brown
Alcee_Hastings,Jerry_Nadler
Alcee_Hastings,Elijah_Cummings
Alcee_Hastings,Steny_Hoyer
Alcee_Hastings,Val_Demings
John_Lewis_(civil_rights_leader),Steve_Scalise
Gus_Bilirakis,Daniel_Webster_(Florida_politician)
David_Schweikert,Martha_McSally
David_Schweikert,Mark_Walker_(North_Carolina_politician)
David_Schweikert,Bill_Johnson_(Ohio_politician)
David_Schweikert,Louie_Gohmert
David_Schweikert,Kevin_Brady
David_Schweikert,Trey_Gowdy
David_Schweikert,Jackie_Walorski
Bruce_Westerman,Steve_Scalise
Buddy_Carter,Paul_Ryan
Buddy_Carter,Eliot_Engel
Buddy_Carter,Steve_Scalise
Buddy_Carter,Cathy_McMorris_Rodgers
Buddy_Carter,Paul_Ryan
Kurt_Schrader,Tom_O'Halleran
Clay_Higgins,Steve_Scalise
Clay_Higgins,Kevin_McCarthy_(U.S._Representative)
Clay_Higgins,Steve_Scalise
Clay_Higgins,Steven_Palazzo
Clay_Higgins,Jim_Sensenbrenner
Clay_Higgins,Steve_Scalise
Clay_Higgins,Steve_Scalise
Clay_Higgins,Steve_Scalise
Fred_Upton,Debbie_Dingell
Doris_Matsui,Jan_Schakowsky
Doris_Matsui,Jan_Schakowsky
Doris_Matsui,Lois_Frankel
Doris_Matsui,Marcy_Kaptur
Doris_Matsui,Donald_McEachin
Doris_Matsui,Nancy_Pelosi
Doris_Matsui,Bobby_Scott_(politician)
Doris_Matsui,Nancy_Pelosi
Doris_Matsui,Adam_Schiff
Doris_Matsui,Lisa_Blunt_Rochester
Doris_Matsui,Joyce_Beatty
Doris_Matsui,Jan_Schakowsky
Doris_Matsui,Kathy_Castor
Doris_Matsui,Ann_McLane_Kuster
Doris_Matsui,John_Yarmuth
Doris_Matsui,Val_Demings
Doris_Matsui,Nancy_Pelosi
Colleen_Hanabusa,Nancy_Pelosi
Colleen_Hanabusa,Elijah_Cummings
Colleen_Hanabusa,Joaquín_Castro
Colleen_Hanabusa,Judy_Chu
Colleen_Hanabusa,Sheila_Jackson_Lee
Colleen_Hanabusa,Michelle_Lujan_Grisham
Colleen_Hanabusa,Nancy_Pelosi
Colleen_Hanabusa,Lloyd_Doggett
Colleen_Hanabusa,Nancy_Pelosi
Colleen_Hanabusa,Nancy_Pelosi
Colleen_Hanabusa,Nancy_Pelosi
Colleen_Hanabusa,Steny_Hoyer
Colleen_Hanabusa,Tulsi_Gabbard
Colleen_Hanabusa,Tulsi_Gabbard
Diana_DeGette,Nancy_Pelosi
Diana_DeGette,Debbie_Dingell
Diana_DeGette,John_Yarmuth
Diana_DeGette,Mark_Pocan
Diana_DeGette,Karen_Bass
Diana_DeGette,Ann_McLane_Kuster
Diana_DeGette,Steny_Hoyer
Diana_DeGette,Mike_Doyle_(American_politician)
Diana_DeGette,Nancy_Pelosi
Diana_DeGette,Nancy_Pelosi
Diana_DeGette,Frank_Pallone
Phil_Roe_(politician),Ann_Wagner
Phil_Roe_(politician),Paul_Ryan
Phil_Roe_(politician),Paul_Ryan
Phil_Roe_(politician),Jim_Renacci
Adriano_Espaillat,Adriano_Espaillat
Adriano_Espaillat,Mark_Pocan
Adriano_Espaillat,Steny_Hoyer
Kathleen_Rice,Steny_Hoyer
Kathleen_Rice,Don_Beyer
Kathleen_Rice,Val_Demings
Kathleen_Rice,Jim_Himes
Kathleen_Rice,Ted_Lieu
Kathleen_Rice,Jim_Cooper
Kathleen_Rice,John_Lewis_(civil_rights_leader)
G._K._Butterfield,John_Lewis_(civil_rights_leader)
G._K._Butterfield,Dwight_Evans_(politician)
G._K._Butterfield,Steny_Hoyer
G._K._Butterfield,G._K._Butterfield
G._K._Butterfield,G._K._Butterfield
G._K._Butterfield,G._K._Butterfield
G._K._Butterfield,G._K._Butterfield
G._K._Butterfield,David_Price_(American_politician)
G._K._Butterfield,G._K._Butterfield
G._K._Butterfield,Joe_Kennedy_III
Marc_Veasey,Marc_Veasey
Marc_Veasey,Mark_Pocan
Marc_Veasey,Sheila_Jackson_Lee
Marc_Veasey,Adam_Smith_(politician)
Marc_Veasey,Gene_Green
Marc_Veasey,Gene_Green
Marc_Veasey,Mark_Pocan
Marc_Veasey,Raúl_Grijalva
Marc_Veasey,Joyce_Beatty
Marc_Veasey,Bobby_Rush
Marc_Veasey,Frederica_Wilson
Marc_Veasey,Tim_Ryan_(Ohio_politician)
Marc_Veasey,Mark_Takano
Marc_Veasey,Derek_Kilmer
Marc_Veasey,Ed_Perlmutter
Marc_Veasey,Nanette_Barragán
Marc_Veasey,Brenda_Lawrence
Marc_Veasey,Marcy_Kaptur
Marc_Veasey,Debbie_Dingell
Marc_Veasey,Joyce_Beatty
Marc_Veasey,Suzanne_Bonamici
Marc_Veasey,Terri_Sewell
Marc_Veasey,John_Sarbanes
Marc_Veasey,Gregory_Meeks
Marc_Veasey,Terri_Sewell
John_Shimkus,Bob_Latta
John_Shimkus,Kevin_McCarthy_(U.S._Representative)
John_Shimkus,Cathy_McMorris_Rodgers
John_Shimkus,Pete_Olson
John_Shimkus,Adam_Kinzinger
John_Shimkus,Lou_Barletta
John_Shimkus,Cathy_McMorris_Rodgers
John_Shimkus,Greg_Walden
John_Shimkus,Rodney_Davis_(politician)
John_Shimkus,Jim_Banks
John_Shimkus,Kevin_Brady
John_Shimkus,Steve_Scalise
John_Shimkus,Tim_Walberg
John_Shimkus,Adam_Kinzinger
John_Shimkus,Steve_Scalise
John_Shimkus,Mimi_Walters
John_Shimkus,Steve_Scalise
John_Shimkus,Adam_Kinzinger
John_Shimkus,Paul_Ryan
John_Shimkus,Bob_Latta
John_Shimkus,Kevin_McCarthy_(U.S._Representative)
John_Shimkus,Adam_Kinzinger
John_Shimkus,Paul_Ryan
John_Shimkus,Steve_Scalise
John_Shimkus,Mimi_Walters
Jimmy_Gomez,Elijah_Cummings
Jimmy_Gomez,Hakeem_Jeffries
Jimmy_Gomez,Joaquín_Castro
Jimmy_Gomez,Diana_DeGette
Jimmy_Gomez,Debbie_Dingell
Jimmy_Gomez,Kevin_Brady
Jimmy_Gomez,John_Yarmuth
Jimmy_Gomez,Mark_Pocan
Jimmy_Gomez,Hank_Johnson
Jimmy_Gomez,Karen_Bass
Jimmy_Gomez,John_Sarbanes
Jimmy_Gomez,Ann_McLane_Kuster
Jimmy_Gomez,Val_Demings
Jimmy_Gomez,Sheila_Jackson_Lee
Jimmy_Gomez,Raúl_Grijalva
Jimmy_Gomez,Richard_Neal
Jimmy_Gomez,Mike_Doyle_(American_politician)
Jimmy_Gomez,Lloyd_Doggett
Peter_Roskam,Kevin_Brady
Peter_Roskam,Kevin_Brady
Peter_Roskam,Kevin_Brady
Peter_Roskam,Kevin_Brady
Peter_Roskam,Kevin_Brady
Peter_Roskam,Kevin_Brady
Peter_Roskam,Cathy_McMorris_Rodgers
Peter_Roskam,Cathy_McMorris_Rodgers
Peter_Roskam,Kevin_Brady
Peter_Roskam,Rodney_Davis_(politician)
Peter_Roskam,Kevin_Brady
Peter_Roskam,Diane_Black
Peter_Roskam,Darin_LaHood
Peter_Roskam,Rodney_Davis_(politician)
Neal_Dunn,Kay_Granger
Neal_Dunn,Kay_Granger
Neal_Dunn,Steve_Scalise
Paul_Gosar,Bill_Johnson_(Ohio_politician)
Paul_Gosar,Tom_Emmer
Paul_Gosar,Andy_Biggs
Doug_Lamborn,Paul_Ryan
Doug_Lamborn,Paul_Ryan
Doug_Lamborn,Kevin_McCarthy_(U.S._Representative)
Doug_Lamborn,Paul_Ryan
Doug_Lamborn,Paul_Ryan
Doug_Lamborn,Paul_Ryan
Doug_Lamborn,Dan_Newhouse
Doug_Lamborn,Dan_Newhouse
Doug_Lamborn,Dan_Newhouse
Doug_Lamborn,Dan_Newhouse
Doug_Lamborn,Cathy_McMorris_Rodgers
Doug_Lamborn,Cathy_McMorris_Rodgers
Doug_Lamborn,Paul_Ryan
Lou_Correa,Mike_Capuano
Lou_Correa,Kathy_Castor
Lou_Correa,Sander_Levin
Lou_Correa,Anthony_G._Brown
Lou_Correa,Bill_Pascrell
Lou_Correa,Joe_Crowley
Lou_Correa,Tim_Walz
Lou_Correa,Tim_Walz
Lou_Correa,Brad_Schneider
Lou_Correa,Tim_Walz
Lou_Correa,Steny_Hoyer
Lou_Correa,Tim_Walz
Lou_Correa,Matt_Gaetz
Debbie_Dingell,Jim_McGovern_(American_politician)
Debbie_Dingell,Paul_Mitchell_(politician)
Debbie_Dingell,Tim_Walberg
Debbie_Dingell,Sheila_Jackson_Lee
Debbie_Dingell,Pramila_Jayapal
Debbie_Dingell,Alma_Adams
Debbie_Dingell,Jackie_Speier
Debbie_Dingell,Sheila_Jackson_Lee
Debbie_Dingell,Raúl_Grijalva
Debbie_Dingell,Hank_Johnson
Debbie_Dingell,Fred_Upton
Robert_Aderholt,Paul_Ryan
Garret_Graves,Matt_Gaetz
Garret_Graves,Mark_Meadows_(North_Carolina_politician)
Cedric_Richmond,John_Lewis_(civil_rights_leader)
Cedric_Richmond,Yvette_Clarke
Cedric_Richmond,Terri_Sewell
Cedric_Richmond,Dan_Kildee
Cedric_Richmond,Steny_Hoyer
Cedric_Richmond,John_Yarmuth
Jim_Cooper,Jim_Cooper
Jim_Cooper,Jim_Cooper
Warren_Davidson,Justin_Amash
Warren_Davidson,Warren_Davidson
Warren_Davidson,Mark_Meadows_(North_Carolina_politician)
Warren_Davidson,Jim_Jordan_(American_politician)
Warren_Davidson,Steve_Scalise
Pat_Tiberi,Steve_Scalise
Pat_Tiberi,Carlos_Curbelo
Pat_Tiberi,Steve_Stivers
Pat_Tiberi,Kevin_McCarthy_(U.S._Representative)
Pat_Tiberi,Kevin_Brady
Pat_Tiberi,Paul_Ryan
Pat_Tiberi,Steve_Stivers
Julia_Brownley,Ann_McLane_Kuster
Ann_Wagner,Paul_Ryan
Ann_Wagner,Paul_Ryan
Ann_Wagner,Dave_Reichert
Ann_Wagner,Martha_Roby
Ann_Wagner,Paul_Ryan
Ann_Wagner,Cathy_McMorris_Rodgers
Ann_Wagner,Ileana_Ros-Lehtinen
Ann_Wagner,Paul_Ryan
Ann_Wagner,Steve_Scalise
Ann_Wagner,Steve_Scalise
Ann_Wagner,Paul_Ryan
Grace_Meng,Eric_Swalwell
Grace_Meng,Sean_Patrick_Maloney
Eddie_Bernice_Johnson,Eliot_Engel
Eddie_Bernice_Johnson,Steny_Hoyer
Eddie_Bernice_Johnson,Steny_Hoyer
Eddie_Bernice_Johnson,Barbara_Lee
Eddie_Bernice_Johnson,Steny_Hoyer
Eddie_Bernice_Johnson,Barbara_Lee
Eddie_Bernice_Johnson,Steny_Hoyer
Tom_MacArthur,Steve_Scalise
Tom_MacArthur,Ann_McLane_Kuster
Tom_MacArthur,Ann_McLane_Kuster
Don_Young,Chellie_Pingree
Don_Young,Elise_Stefanik
Jared_Polis,Yvette_Clarke
Jared_Polis,Alma_Adams
Jared_Polis,Carolyn_Maloney
Jared_Polis,Adriano_Espaillat
Brian_Higgins,Kyrsten_Sinema
Brian_Higgins,Mark_Meadows_(North_Carolina_politician)
Brian_Higgins,Andy_Biggs
Brian_Higgins,Andy_Biggs
Brian_Higgins,Jared_Huffman
Brian_Higgins,Stephanie_Murphy
John_Katko,Judy_Chu
John_Katko,Paul_Ryan
John_Katko,Doug_Collins_(politician)
Francis_Rooney,Ted_Budd
Francis_Rooney,Lee_Zeldin
Francis_Rooney,Diane_Black
Francis_Rooney,Steve_Scalise
Francis_Rooney,Paul_Ryan
Francis_Rooney,Paul_Ryan
Francis_Rooney,Joe_Wilson_(American_politician)
Francis_Rooney,Ileana_Ros-Lehtinen
Ted_Deutch,Ted_Deutch
Ted_Deutch,John_Lewis_(civil_rights_leader)
Ted_Deutch,John_Yarmuth
Ted_Deutch,Adam_Schiff
Ted_Deutch,Ted_Deutch
Ted_Deutch,Ted_Deutch
Ted_Deutch,Ted_Deutch
Ted_Deutch,Ted_Deutch
Ted_Deutch,Joe_Kennedy_III
Ted_Deutch,Ted_Deutch
Ted_Deutch,Elijah_Cummings
Ted_Deutch,Ted_Deutch
Ted_Deutch,Ted_Deutch
Ted_Deutch,Lloyd_Doggett
Ted_Deutch,Ted_Deutch
Ted_Deutch,Ted_Deutch
Ted_Deutch,Ted_Deutch
Ted_Deutch,Steny_Hoyer
Ted_Deutch,Frank_Pallone
Ted_Deutch,Ted_Deutch
Bob_Goodlatte,Paul_Ryan
Lacy_Clay,Adam_Schiff
Lacy_Clay,John_Lewis_(civil_rights_leader)
Lacy_Clay,John_Lewis_(civil_rights_leader)
Lacy_Clay,John_Lewis_(civil_rights_leader)
Lacy_Clay,Emanuel_Cleaver
Lacy_Clay,Joe_Kennedy_III
Lacy_Clay,John_Lewis_(civil_rights_leader)
Lacy_Clay,Adam_Schiff
Lacy_Clay,Nancy_Pelosi
Lacy_Clay,Emanuel_Cleaver
Lacy_Clay,Eric_Swalwell
Lacy_Clay,Maxine_Waters
Lacy_Clay,Adam_Schiff
Lacy_Clay,Nancy_Pelosi
Lacy_Clay,Nancy_Pelosi
Lacy_Clay,Lacy_Clay
Lacy_Clay,Lacy_Clay
Lacy_Clay,Lacy_Clay
Lacy_Clay,Adam_Schiff
Chris_Stewart_(politician),Paul_Ryan
Chris_Stewart_(politician),Anthony_G._Brown
Chris_Stewart_(politician),Tom_Graves
Chris_Stewart_(politician),Sean_Duffy
Derek_Kilmer,Steny_Hoyer
Derek_Kilmer,Dave_Reichert
Don_Young,Susan_Brooks
Don_Young,Nita_Lowey
Don_Young,Peter_T._King
Don_Young,Elise_Stefanik
Don_Young,Steve_Scalise
Don_Young,Ann_McLane_Kuster
Brett_Guthrie,Suzanne_Bonamici
Brett_Guthrie,Pete_Aguilar
Brett_Guthrie,Andy_Barr_(American_politician)
Brett_Guthrie,Fred_Upton
Brett_Guthrie,Lloyd_Smucker
Brett_Guthrie,Gregg_Harper
Brett_Guthrie,Steve_Scalise
Tony_Cárdenas,Bonnie_Watson_Coleman
Tony_Cárdenas,Norma_Torres
Tony_Cárdenas,Steny_Hoyer
Tony_Cárdenas,Raul_Ruiz_(politician)
Tony_Cárdenas,Jerry_Nadler
Tony_Cárdenas,Jerry_Nadler
Tony_Cárdenas,Judy_Chu
Tony_Cárdenas,Judy_Chu
Tony_Cárdenas,Steny_Hoyer
Tony_Cárdenas,Mike_Quigley_(politician)
Tony_Cárdenas,Anthony_G._Brown
Tony_Cárdenas,Paul_Tonko
Tony_Cárdenas,Don_Beyer
Tony_Cárdenas,Raúl_Grijalva
Tony_Cárdenas,Nita_Lowey
Tony_Cárdenas,Nancy_Pelosi
Tony_Cárdenas,Nancy_Pelosi
Tony_Cárdenas,Steny_Hoyer
Rodney_Frelinghuysen,Paul_Ryan
Rodney_Frelinghuysen,Paul_Ryan
Rodney_Frelinghuysen,Paul_Ryan
Frederica_Wilson,Nancy_Pelosi
Frederica_Wilson,Elijah_Cummings
Frederica_Wilson,Hakeem_Jeffries
Frederica_Wilson,John_Yarmuth
Frederica_Wilson,Mark_Pocan
Frederica_Wilson,Terri_Sewell
Frederica_Wilson,Sheila_Jackson_Lee
Frederica_Wilson,Raúl_Grijalva
Frederica_Wilson,Gwen_Moore
Frederica_Wilson,Frederica_Wilson
Sanford_Bishop,Lou_Correa
Sanford_Bishop,John_B._Larson
Sanford_Bishop,Steve_Womack
Hank_Johnson,Maxine_Waters
Hank_Johnson,Elijah_Cummings
Hank_Johnson,Jerry_Nadler
Hank_Johnson,Karen_Bass
Hank_Johnson,Barbara_Lee
Hank_Johnson,Barbara_Lee
Hank_Johnson,Jerry_Nadler
Hank_Johnson,John_Lewis_(civil_rights_leader)
Hank_Johnson,Jerry_Nadler
Roger_Williams_(American_politician),Steve_Scalise
Sam_Graves,Steve_Scalise
Sam_Graves,Steve_Scalise
Sam_Graves,Steve_Scalise
Sam_Graves,Lloyd_Smucker
Sam_Graves,Steve_Scalise
Lloyd_Smucker,Lloyd_Smucker
Lloyd_Smucker,Paul_Ryan
Lloyd_Smucker,Cathy_McMorris_Rodgers
Lloyd_Smucker,Paul_Ryan
Lloyd_Smucker,Paul_Ryan
Lloyd_Smucker,Paul_Ryan
Lloyd_Smucker,Steve_Scalise
Lloyd_Smucker,Lou_Barletta
Lloyd_Smucker,Paul_Ryan
Lloyd_Smucker,Paul_Ryan
Lloyd_Smucker,Paul_Ryan
Lloyd_Smucker,Paul_Ryan
Lloyd_Smucker,Paul_Ryan
Lloyd_Smucker,Cathy_McMorris_Rodgers
Lloyd_Smucker,Steve_Scalise
Lloyd_Smucker,Paul_Ryan
Lloyd_Smucker,Paul_Ryan
Lloyd_Smucker,Lloyd_Smucker
Lloyd_Smucker,Paul_Ryan
Lloyd_Smucker,Salud_Carbajal
Lloyd_Smucker,Paul_Ryan
Lloyd_Smucker,Paul_Ryan
Lloyd_Smucker,Steve_Scalise
Lloyd_Smucker,Paul_Ryan
Lloyd_Smucker,Paul_Ryan
Lloyd_Smucker,Paul_Ryan
Lloyd_Smucker,Paul_Ryan
Lloyd_Smucker,Paul_Ryan
Lloyd_Smucker,Steve_Scalise
Lloyd_Smucker,Glenn_Thompson_(politician)
Lloyd_Smucker,Paul_Ryan
Lloyd_Smucker,Lou_Barletta
Lloyd_Smucker,Paul_Ryan
Lloyd_Smucker,Paul_Ryan
Lloyd_Smucker,Kevin_McCarthy_(U.S._Representative)
Lloyd_Smucker,Cathy_McMorris_Rodgers
Lloyd_Smucker,Paul_Ryan
Lloyd_Smucker,Lloyd_Smucker
Mark_Pocan,Ro_Khanna
Mark_Pocan,Gwen_Moore
Mark_Pocan,Jim_McGovern_(American_politician)
Mark_Pocan,Ro_Khanna
Mark_Pocan,Elijah_Cummings
Mark_Pocan,Hakeem_Jeffries
Mark_Pocan,Barbara_Lee
Mark_Pocan,Joaquín_Castro
Mark_Pocan,Diana_DeGette
Mark_Pocan,Debbie_Dingell
Mark_Pocan,Chellie_Pingree
Mark_Pocan,Lloyd_Doggett
Mark_Pocan,Kevin_Brady
Mark_Pocan,Justin_Amash
Mark_Pocan,Jan_Schakowsky
Mark_Pocan,John_Yarmuth
Mark_Pocan,Barbara_Lee
Mark_Pocan,Hank_Johnson
Mark_Pocan,Mike_Doyle_(American_politician)
Mark_Pocan,Jerry_Nadler
Mark_Pocan,Raul_Ruiz_(politician)
Mark_Pocan,Yvette_Clarke
Mark_Pocan,Karen_Bass
Mark_Pocan,Rosa_DeLauro
Mark_Pocan,John_Sarbanes
Mark_Pocan,Barbara_Lee
Mark_Pocan,Terri_Sewell
Mark_Pocan,Ann_McLane_Kuster
Mark_Pocan,Pramila_Jayapal
Mark_Pocan,Barbara_Lee
Mark_Pocan,Jan_Schakowsky
Mark_Pocan,Lloyd_Doggett
Mark_Pocan,Raúl_Grijalva
Mark_Pocan,Rosa_DeLauro
Mark_Pocan,Pramila_Jayapal
Mark_Pocan,Don_Beyer
Mark_Pocan,Pramila_Jayapal
Mark_Pocan,Pramila_Jayapal
Mark_Pocan,Jan_Schakowsky
Mark_Pocan,Jim_McGovern_(American_politician)
Mark_Pocan,Richard_Neal
Mark_Pocan,Jan_Schakowsky
Mark_Pocan,Marc_Veasey
Mark_Pocan,Mike_Doyle_(American_politician)
Mark_Pocan,Lloyd_Doggett
Mark_Pocan,Ro_Khanna
Mark_Pocan,Pramila_Jayapal
Mark_Pocan,Adam_Smith_(politician)
Mark_Pocan,Katherine_Clark
Mark_Pocan,Elijah_Cummings
Adam_Smith_(politician),Elijah_Cummings
Adam_Smith_(politician),Debbie_Dingell
Adam_Smith_(politician),Pramila_Jayapal
Adam_Smith_(politician),Mark_Pocan
Adam_Smith_(politician),Ro_Khanna
Adam_Smith_(politician),Raúl_Grijalva
Adam_Smith_(politician),Ted_Lieu
Larry_Bucshon,Paul_Ryan
Larry_Bucshon,Paul_Ryan
Larry_Bucshon,Paul_Ryan
Larry_Bucshon,Paul_Ryan
Larry_Bucshon,Kevin_Brady
Larry_Bucshon,Paul_Ryan
Louise_Slaughter,Carolyn_Maloney
Jerry_McNerney,Marc_Veasey
Jerry_McNerney,Terri_Sewell
Jerry_McNerney,Val_Demings
Jerry_McNerney,Don_Beyer
Jerry_McNerney,Barbara_Lee
Scott_Peters_(politician),Adam_Schiff
Mike_Capuano,Pramila_Jayapal
Bobby_Scott_(politician),Elijah_Cummings
Bobby_Scott_(politician),Mark_Pocan
Bobby_Scott_(politician),Mike_Doyle_(American_politician)
Bobby_Scott_(politician),Alma_Adams
Bobby_Scott_(politician),Karen_Bass
Bobby_Scott_(politician),Terri_Sewell
Bobby_Scott_(politician),Donald_McEachin
Bobby_Scott_(politician),Frank_Pallone
Bobby_Scott_(politician),Nancy_Pelosi
Bobby_Scott_(politician),Nancy_Pelosi
Bobby_Scott_(politician),Nancy_Pelosi
Bobby_Scott_(politician),Stephanie_Murphy
Bobby_Scott_(politician),Steny_Hoyer
Bobby_Scott_(politician),Anthony_G._Brown
Bonnie_Watson_Coleman,Mike_Doyle_(American_politician)
Bonnie_Watson_Coleman,Brenda_Lawrence
Bonnie_Watson_Coleman,Diana_DeGette
Bonnie_Watson_Coleman,Nanette_Barragán
Bonnie_Watson_Coleman,Barbara_Lee
Bonnie_Watson_Coleman,Don_Beyer
Bonnie_Watson_Coleman,Bonnie_Watson_Coleman
Bonnie_Watson_Coleman,Emanuel_Cleaver
Bonnie_Watson_Coleman,Dwight_Evans_(politician)
Bonnie_Watson_Coleman,Marc_Veasey
Bonnie_Watson_Coleman,Mark_Takano
Bonnie_Watson_Coleman,Frank_Pallone
Bonnie_Watson_Coleman,Nanette_Barragán
Lloyd_Doggett,Elijah_Cummings
Lloyd_Doggett,Lloyd_Doggett
Lloyd_Doggett,Lloyd_Doggett
Lloyd_Doggett,Lloyd_Doggett
Lloyd_Doggett,Lloyd_Doggett
Lloyd_Doggett,Lloyd_Doggett
Lloyd_Doggett,Lloyd_Doggett
Lloyd_Doggett,Lloyd_Doggett
Lloyd_Doggett,Lloyd_Doggett
Lloyd_Doggett,Lloyd_Doggett
Lloyd_Doggett,Lloyd_Doggett
Lloyd_Doggett,Lloyd_Doggett
Lloyd_Doggett,Mark_Pocan
Lloyd_Doggett,Lloyd_Doggett
Lloyd_Doggett,Lloyd_Doggett
Lloyd_Doggett,Lloyd_Doggett
Lloyd_Doggett,Lloyd_Doggett
Lloyd_Doggett,Lloyd_Doggett
Lloyd_Doggett,Lloyd_Doggett
Lloyd_Doggett,Lloyd_Doggett
Lloyd_Doggett,Lloyd_Doggett
Lloyd_Doggett,Lloyd_Doggett
Lloyd_Doggett,Lloyd_Doggett
Karen_Handel,Cathy_McMorris_Rodgers
Karen_Handel,Kevin_Brady
Karen_Handel,Kevin_Brady
Darren_Soto,John_Yarmuth
Darren_Soto,Jimmy_Gomez
Darren_Soto,Lloyd_Doggett
Darren_Soto,Joaquín_Castro
Darren_Soto,Don_Beyer
Darren_Soto,Marc_Veasey
Darren_Soto,Val_Demings
Darren_Soto,Darren_Soto
Darren_Soto,Stephanie_Murphy
Darren_Soto,Josh_Gottheimer
Michael_McCaul,Bob_Goodlatte
Michelle_Lujan_Grisham,Mark_Pocan
Michelle_Lujan_Grisham,Karen_Bass
Michelle_Lujan_Grisham,Judy_Chu
Michelle_Lujan_Grisham,Ann_McLane_Kuster
Michelle_Lujan_Grisham,Sheila_Jackson_Lee
Michelle_Lujan_Grisham,Raúl_Grijalva
Michelle_Lujan_Grisham,Marc_Veasey
Kevin_McCarthy_(U.S._Representative),Lou_Barletta
Kevin_McCarthy_(U.S._Representative),Doug_LaMalfa
Kevin_McCarthy_(U.S._Representative),Kevin_Brady
Kevin_McCarthy_(U.S._Representative),Mike_Bost
Kevin_McCarthy_(U.S._Representative),Mimi_Walters
Kevin_McCarthy_(U.S._Representative),Greg_Walden
Kevin_McCarthy_(U.S._Representative),Jeff_Denham
Kevin_McCarthy_(U.S._Representative),Elise_Stefanik
Kevin_McCarthy_(U.S._Representative),Kristi_Noem
Kevin_McCarthy_(U.S._Representative),Sanford_Bishop
Kevin_McCarthy_(U.S._Representative),Mimi_Walters
Kevin_McCarthy_(U.S._Representative),Doug_LaMalfa
Kevin_McCarthy_(U.S._Representative),Karen_Handel
Kevin_McCarthy_(U.S._Representative),Mimi_Walters
Kevin_McCarthy_(U.S._Representative),John_Lewis_(civil_rights_leader)
Kevin_McCarthy_(U.S._Representative),Andy_Barr_(American_politician)
Kevin_McCarthy_(U.S._Representative),Claudia_Tenney
Kevin_McCarthy_(U.S._Representative),Steve_Knight_(politician)
Kevin_McCarthy_(U.S._Representative),Andy_Barr_(American_politician)
Kevin_McCarthy_(U.S._Representative),Rodney_Davis_(politician)
Kevin_McCarthy_(U.S._Representative),Don_Young
Kevin_McCarthy_(U.S._Representative),Mike_Bost
Kevin_McCarthy_(U.S._Representative),Steve_Knight_(politician)
Kevin_McCarthy_(U.S._Representative),Barbara_Comstock
Kevin_McCarthy_(U.S._Representative),Steve_Knight_(politician)
Kevin_McCarthy_(U.S._Representative),Brian_Higgins
Kevin_McCarthy_(U.S._Representative),Mike_Coffman
Kevin_McCarthy_(U.S._Representative),Kevin_Brady
Peter_Welch,Chellie_Pingree
Rob_Wittman,Paul_Ryan
Rob_Wittman,Cathy_McMorris_Rodgers
Rob_Wittman,Mike_Gallagher_(American_politician)
Joe_Wilson_(American_politician),Paul_Ryan
Joe_Wilson_(American_politician),Steve_Scalise
Joe_Wilson_(American_politician),Paul_Ryan
Joe_Wilson_(American_politician),Paul_Ryan
Jim_Sensenbrenner,Sean_Duffy
Jim_Sensenbrenner,Sean_Duffy
Jim_Sensenbrenner,Ann_McLane_Kuster
Jim_Sensenbrenner,Sean_Duffy
Jim_Sensenbrenner,Paul_Ryan
Jim_Sensenbrenner,Peter_Welch
Jim_Sensenbrenner,Glenn_Grothman
Jim_Sensenbrenner,Paul_Ryan
Steve_Cohen,Steve_Cohen
Steve_Cohen,Steve_Cohen
Steve_Cohen,Adam_Kinzinger
Steve_Cohen,Steve_Cohen
Lou_Barletta,Paul_Ryan
Lou_Barletta,Peter_T._King
Thomas_Suozzi,Jimmy_Panetta
Raúl_Grijalva,Mark_Pocan
Raúl_Grijalva,Mark_Pocan
Chris_Smith_(New_Jersey_politician),Steve_Scalise
Mark_Takano,Mark_Takano
Mark_Takano,Mike_Doyle_(American_politician)
Mark_Takano,Ann_McLane_Kuster
Mark_Takano,Frank_Pallone
Mark_Takano,Bill_Foster_(politician)
Mark_Takano,John_Lewis_(civil_rights_leader)
Chuck_Fleischmann,Steve_Scalise
Chuck_Fleischmann,Steve_Scalise
Chuck_Fleischmann,Steve_Scalise
Chuck_Fleischmann,Paul_Ryan
Chuck_Fleischmann,Paul_Ryan
Chuck_Fleischmann,Paul_Ryan
Chuck_Fleischmann,Steve_Scalise
Chuck_Fleischmann,Paul_Ryan
Barbara_Lee,Mark_Takano
Barbara_Lee,Chellie_Pingree
Barbara_Lee,Jerry_Nadler
Barbara_Lee,Joe_Kennedy_III
Barbara_Lee,Adam_Smith_(politician)
Barbara_Lee,Debbie_Dingell
Barbara_Lee,Jerry_McNerney
Barbara_Lee,Betty_McCollum
Barbara_Lee,Kathy_Castor
Barbara_Lee,Raúl_Grijalva
Barbara_Lee,Mark_Pocan
Barbara_Lee,Eliot_Engel
Barbara_Lee,Don_Beyer
Barbara_Lee,Anna_Eshoo
Barbara_Lee,Alan_Lowenthal
Barbara_Lee,Carolyn_Maloney
Barbara_Lee,Pramila_Jayapal
Barbara_Lee,Charlie_Dent
Barbara_Lee,Dina_Titus
Barbara_Lee,Lisa_Blunt_Rochester
Barbara_Lee,Grace_Meng
Barbara_Lee,Chellie_Pingree
Barbara_Lee,Pramila_Jayapal
Barbara_Lee,Jan_Schakowsky
Barbara_Lee,Joe_Kennedy_III
Barbara_Lee,Lois_Frankel
Barbara_Lee,Doris_Matsui
Barbara_Lee,Brenda_Lawrence
Barbara_Lee,Jackie_Speier
Barbara_Lee,Mark_Pocan
Barbara_Lee,Alan_Lowenthal
Eric_Swalwell,Eric_Swalwell
Eric_Swalwell,Eric_Swalwell
Eric_Swalwell,Eric_Swalwell
Eric_Swalwell,Eric_Swalwell
Eric_Swalwell,Eric_Swalwell
Eric_Swalwell,Eric_Swalwell
Peter_T._King,Lee_Zeldin
Peter_T._King,Kathleen_Rice
Kevin_Brady,Nancy_Pelosi
Kevin_Brady,Ted_Deutch
Kevin_Brady,Nancy_Pelosi
Kevin_Brady,Jim_McGovern_(American_politician)
Kevin_Brady,Bill_Pascrell
Kevin_Brady,Nancy_Pelosi
Kevin_Brady,Beto_O'Rourke
Ralph_Abraham_(politician),Lamar_Smith
Joe_Crowley,Mark_Pocan
Joe_Crowley,Ann_McLane_Kuster
Joe_Crowley,John_Lewis_(civil_rights_leader)
Joe_Crowley,Mark_Pocan
Joe_Crowley,Jimmy_Gomez
Ruben_Kihuen,Ruben_Kihuen
Dave_Reichert,Paul_Ryan
Dave_Reichert,Steve_Scalise
Dave_Reichert,Paul_Ryan
Dave_Reichert,Paul_Ryan
Dave_Reichert,Steve_Scalise
Dave_Reichert,Carlos_Curbelo
Dave_Reichert,Kevin_McCarthy_(U.S._Representative)
Dave_Reichert,Tim_Walberg
Dave_Reichert,Steve_Scalise
Dave_Reichert,Frank_Pallone
Dave_Reichert,Steve_Scalise
Dave_Reichert,Steve_Scalise
Dave_Reichert,Kristi_Noem
Dave_Reichert,Debbie_Dingell
Dave_Reichert,Sanford_Bishop
Gwen_Moore,Elijah_Cummings
Gwen_Moore,Hakeem_Jeffries
Gwen_Moore,Debbie_Dingell
Gwen_Moore,Kevin_Brady
Gwen_Moore,Lois_Frankel
Gwen_Moore,Ro_Khanna
Gwen_Moore,Joyce_Beatty
Gwen_Moore,Karen_Bass
Gwen_Moore,Rosa_DeLauro
Gwen_Moore,Terri_Sewell
Gwen_Moore,Ann_McLane_Kuster
Gwen_Moore,Nancy_Pelosi
Gwen_Moore,Nancy_Pelosi
Gwen_Moore,Sheila_Jackson_Lee
Gwen_Moore,Raúl_Grijalva
Gwen_Moore,Rosa_DeLauro
Gwen_Moore,Lisa_Blunt_Rochester
Gwen_Moore,Denny_Heck
Gwen_Moore,Jim_McGovern_(American_politician)
Gwen_Moore,Richard_Neal
Gwen_Moore,Marc_Veasey
Gwen_Moore,Marc_Veasey
Gwen_Moore,Elijah_Cummings
Gwen_Moore,Elijah_Cummings
Gwen_Moore,Frederica_Wilson
Gwen_Moore,Frederica_Wilson
Gwen_Moore,Cheri_Bustos
Jim_Jordan_(American_politician),Mark_Meadows_(North_Carolina_politician)
Jim_Jordan_(American_politician),Warren_Davidson
Jim_Jordan_(American_politician),Paul_Gosar
Jim_Jordan_(American_politician),Mark_Meadows_(North_Carolina_politician)
Jim_Jordan_(American_politician),Warren_Davidson
Jim_Jordan_(American_politician),Mark_Meadows_(North_Carolina_politician)
Jim_Jordan_(American_politician),Bob_Goodlatte
Jim_Jordan_(American_politician),Mark_Meadows_(North_Carolina_politician)
Jim_Jordan_(American_politician),Mark_Meadows_(North_Carolina_politician)
Jim_Jordan_(American_politician),Mark_Meadows_(North_Carolina_politician)
Jim_Jordan_(American_politician),Mark_Meadows_(North_Carolina_politician)
Jim_Jordan_(American_politician),Mark_Meadows_(North_Carolina_politician)
Jim_Jordan_(American_politician),Jody_Hice
Jim_Jordan_(American_politician),Lee_Zeldin
Jim_Jordan_(American_politician),Lee_Zeldin
Jim_Jordan_(American_politician),Andy_Biggs
Jim_Jordan_(American_politician),Mark_Meadows_(North_Carolina_politician)
Jim_Jordan_(American_politician),Mark_Meadows_(North_Carolina_politician)
Jim_Jordan_(American_politician),Mark_Meadows_(North_Carolina_politician)
Jim_Jordan_(American_politician),Mark_Meadows_(North_Carolina_politician)
Jim_Jordan_(American_politician),Bob_Goodlatte
Jim_Jordan_(American_politician),Mark_Meadows_(North_Carolina_politician)
Jim_Jordan_(American_politician),Mark_Meadows_(North_Carolina_politician)
Jodey_Arrington,Brian_Higgins
Maxine_Waters,Maxine_Waters
David_Scott_(Georgia_politician),Hank_Johnson
David_Scott_(Georgia_politician),Bobby_Scott_(politician)
David_Scott_(Georgia_politician),Brenda_Lawrence
Trey_Gowdy,Josh_Gottheimer
Thomas_Massie,Justin_Amash
Thomas_Massie,Jim_Jordan_(American_politician)
Thomas_Massie,Jim_Jordan_(American_politician)
Thomas_Massie,Mark_Meadows_(North_Carolina_politician)
Justin_Amash,Thomas_Massie
Justin_Amash,Thomas_Massie
Justin_Amash,Thomas_Massie
Justin_Amash,Thomas_Massie
Justin_Amash,Justin_Amash
Eliot_Engel,John_Lewis_(civil_rights_leader)
Eliot_Engel,Frank_Pallone
Eliot_Engel,Mark_Pocan
Eliot_Engel,Don_Beyer
Eliot_Engel,Barbara_Lee
Eliot_Engel,Ted_Lieu
Eliot_Engel,John_Lewis_(civil_rights_leader)
Eliot_Engel,Raúl_Grijalva
Eliot_Engel,Eliot_Engel
Eliot_Engel,David_Cicilline
Eliot_Engel,Elijah_Cummings
Eliot_Engel,Frank_Pallone
Eliot_Engel,Eliot_Engel
Eliot_Engel,Pramila_Jayapal
Eliot_Engel,Nancy_Pelosi
Eliot_Engel,Adam_Schiff
Eliot_Engel,Nancy_Pelosi
Eliot_Engel,Jerry_Nadler
Jamie_Raskin,Ro_Khanna
Jamie_Raskin,Anthony_G._Brown
Jamie_Raskin,Don_Beyer
Jamie_Raskin,Don_Beyer
Jamie_Raskin,Suzanne_Bonamici
Jamie_Raskin,Lloyd_Doggett
Jamie_Raskin,Gerry_Connolly
Jamie_Raskin,Anthony_G._Brown
Jamie_Raskin,Hank_Johnson
Jamie_Raskin,Judy_Chu
Jamie_Raskin,Grace_Meng
Jamie_Raskin,Val_Demings
Jamie_Raskin,Nancy_Pelosi
Jamie_Raskin,Jim_McGovern_(American_politician)
Jamie_Raskin,Don_Beyer
Jamie_Raskin,Steny_Hoyer
Jamie_Raskin,Nanette_Barragán
Jamie_Raskin,Yvette_Clarke
Jamie_Raskin,Paul_Tonko
Jamie_Raskin,Anthony_G._Brown
Jamie_Raskin,Denny_Heck
Jamie_Raskin,Alma_Adams
Jamie_Raskin,Tim_Ryan_(Ohio_politician)
Jamie_Raskin,Linda_Sánchez
Jamie_Raskin,Bonnie_Watson_Coleman
Jamie_Raskin,Jerry_Nadler
Jamie_Raskin,Pramila_Jayapal
Jamie_Raskin,Anthony_G._Brown
Elise_Stefanik,Paul_Ryan
Elise_Stefanik,Elise_Stefanik
Mike_Quigley_(politician),Mike_Quigley_(politician)
Mike_Quigley_(politician),Mike_Quigley_(politician)
Mike_Quigley_(politician),Tim_Ryan_(Ohio_politician)
Sanford_Bishop,Leonard_Lance
Sanford_Bishop,Jim_Clyburn
Sanford_Bishop,Jim_Clyburn
Doug_Collins_(politician),Paul_Ryan
Doug_Collins_(politician),Judy_Chu
Ron_Estes,Cathy_McMorris_Rodgers
Ron_Estes,Kevin_Brady
Ron_Estes,Paul_Ryan
Randy_Weber,Jeb_Hensarling
Randy_Weber,Steve_Scalise
John_Sarbanes,Nancy_Pelosi
John_Sarbanes,Terri_Sewell
John_Sarbanes,Mark_Pocan
John_Sarbanes,Steny_Hoyer
John_Sarbanes,Steny_Hoyer
John_Sarbanes,Gerry_Connolly
John_Sarbanes,John_Lewis_(civil_rights_leader)
John_Sarbanes,Cheri_Bustos
John_Sarbanes,Adam_Schiff
John_Sarbanes,Jerry_Nadler
John_Sarbanes,Pramila_Jayapal
John_Sarbanes,Nancy_Pelosi
José_E._Serrano,Ileana_Ros-Lehtinen
José_E._Serrano,Elijah_Cummings
Mike_Simpson,Paul_Ryan
Mike_Simpson,Paul_Ryan
Mike_Simpson,Paul_Ryan
Dutch_Ruppersberger,Elijah_Cummings
Dutch_Ruppersberger,Anthony_G._Brown
Dutch_Ruppersberger,Anthony_G._Brown
Dutch_Ruppersberger,Anthony_G._Brown
Dutch_Ruppersberger,Betty_McCollum
Dutch_Ruppersberger,Jamie_Raskin
Dutch_Ruppersberger,Jan_Schakowsky
Dutch_Ruppersberger,Anthony_G._Brown
Dutch_Ruppersberger,Anthony_G._Brown
Dutch_Ruppersberger,Anthony_G._Brown
Dutch_Ruppersberger,Anthony_G._Brown
Dutch_Ruppersberger,Stephanie_Murphy
Dutch_Ruppersberger,Jerry_Nadler
Juan_Vargas,Judy_Chu
Juan_Vargas,Tim_Walz
Juan_Vargas,Elijah_Cummings
Juan_Vargas,Lois_Frankel
Juan_Vargas,Juan_Vargas
Juan_Vargas,Ted_Deutch
Cheri_Bustos,Terri_Sewell
Cheri_Bustos,Hakeem_Jeffries
Cheri_Bustos,Debbie_Dingell
Cheri_Bustos,John_Yarmuth
Cheri_Bustos,Dave_Loebsack
Cheri_Bustos,John_Sarbanes
Cheri_Bustos,Jackie_Speier
Cheri_Bustos,David_Cicilline
Cheri_Bustos,Ann_McLane_Kuster
Cheri_Bustos,Frank_Pallone
Cheri_Bustos,Marc_Veasey
Cheri_Bustos,Carolyn_Maloney
Cheri_Bustos,Ed_Perlmutter
Cheri_Bustos,Diana_DeGette
Judy_Chu,Lucille_Roybal-Allard
Judy_Chu,Bill_Pascrell
Judy_Chu,Grace_Meng
Judy_Chu,Pramila_Jayapal
Judy_Chu,Ann_McLane_Kuster
Judy_Chu,Nanette_Barragán
Judy_Chu,Norma_Torres
Judy_Chu,Nancy_Pelosi
Judy_Chu,Tulsi_Gabbard
Judy_Chu,Jan_Schakowsky
Steve_King,Steve_King
Steve_King,Paul_Gosar
Steve_King,Steve_King
Don_Beyer,Don_Beyer
Don_Beyer,Don_Beyer
Don_Beyer,Ted_Deutch
Don_Beyer,Steny_Hoyer
Don_Beyer,Don_Beyer
Don_Beyer,Nancy_Pelosi
Don_Beyer,Steny_Hoyer
Don_Beyer,Gwen_Moore
Don_Beyer,Don_Beyer
Don_Beyer,Don_Beyer
Don_Beyer,John_B._Larson
Don_Beyer,Elijah_Cummings
Don_Beyer,Don_Beyer
Don_Beyer,Hakeem_Jeffries
Don_Beyer,Don_Beyer
Don_Beyer,Joaquín_Castro
Don_Beyer,Diana_DeGette
Don_Beyer,Don_Beyer
Don_Beyer,Don_Beyer
Don_Beyer,Don_Beyer
Don_Beyer,John_Yarmuth
Don_Beyer,Don_Beyer
Don_Beyer,Mark_Pocan
Don_Beyer,Don_Beyer
Don_Beyer,Marcia_Fudge
Don_Beyer,Don_Beyer
Don_Beyer,Joyce_Beatty
Don_Beyer,Don_Beyer
Don_Beyer,Hank_Johnson
Don_Beyer,Don_Beyer
Don_Beyer,Don_Beyer
Don_Beyer,Mike_Doyle_(American_politician)
Don_Beyer,Eddie_Bernice_Johnson
Don_Beyer,Bobby_Rush
Don_Beyer,Don_Beyer
Don_Beyer,Don_Beyer
Don_Beyer,Don_Beyer
Don_Beyer,Don_Beyer
Don_Beyer,Jerry_Nadler
Don_Beyer,Gregory_Meeks
Don_Beyer,Don_Beyer
Don_Beyer,Don_Beyer
Don_Beyer,Lloyd_Doggett
Don_Beyer,Barbara_Lee
Jeff_Fortenberry,Paul_Ryan
Elijah_Cummings,Dutch_Ruppersberger
Elijah_Cummings,Steny_Hoyer
Elijah_Cummings,John_Lewis_(civil_rights_leader)
Elijah_Cummings,Lloyd_Doggett
Elijah_Cummings,Gerry_Connolly
Elijah_Cummings,Alma_Adams
Elijah_Cummings,Anthony_G._Brown
Elijah_Cummings,Anthony_G._Brown
Elijah_Cummings,Anthony_G._Brown
Elijah_Cummings,Anthony_G._Brown
Rodney_Davis_(politician),Paul_Ryan
Rodney_Davis_(politician),Adam_Kinzinger
Rodney_Davis_(politician),Paul_Ryan
Rodney_Davis_(politician),Darin_LaHood
Al_Green_(politician),Al_Green_(politician)
Al_Green_(politician),Al_Green_(politician)
Al_Green_(politician),Al_Green_(politician)
Al_Green_(politician),Al_Green_(politician)
Al_Green_(politician),Al_Green_(politician)
Ted_Budd,Paul_Ryan
Ted_Budd,Alma_Adams
Ted_Budd,Alma_Adams
Ted_Budd,Alma_Adams
Tom_Marino,Tom_Marino
Tom_Marino,David_Cicilline
Jackie_Walorski,Raul_Ruiz_(politician)
Mark_Meadows_(North_Carolina_politician),Jim_Jordan_(American_politician)
Mark_Meadows_(North_Carolina_politician),Jim_Jordan_(American_politician)
Mark_Meadows_(North_Carolina_politician),Jim_Jordan_(American_politician)
Mark_Meadows_(North_Carolina_politician),Bob_Goodlatte
Mark_Meadows_(North_Carolina_politician),Jim_Jordan_(American_politician)
Mark_Meadows_(North_Carolina_politician),Jim_Jordan_(American_politician)
Mark_Meadows_(North_Carolina_politician),Jim_Jordan_(American_politician)
Mark_Meadows_(North_Carolina_politician),Jodey_Arrington
Mark_Meadows_(North_Carolina_politician),Jim_Jordan_(American_politician)
Mark_Meadows_(North_Carolina_politician),Jody_Hice
Mark_Meadows_(North_Carolina_politician),Jody_Hice
Mark_Meadows_(North_Carolina_politician),Joaquín_Castro
Mark_Meadows_(North_Carolina_politician),Lee_Zeldin
Mark_Meadows_(North_Carolina_politician),Andy_Biggs
Mark_Meadows_(North_Carolina_politician),Jim_Jordan_(American_politician)
Mark_Meadows_(North_Carolina_politician),Warren_Davidson
Mark_Meadows_(North_Carolina_politician),Rod_Blum
Mark_Meadows_(North_Carolina_politician),Jim_Jordan_(American_politician)
Mark_Meadows_(North_Carolina_politician),Andy_Biggs
Mark_Meadows_(North_Carolina_politician),Jim_Jordan_(American_politician)
Mark_Meadows_(North_Carolina_politician),Jody_Hice
Mark_Meadows_(North_Carolina_politician),Andy_Biggs
Mark_Meadows_(North_Carolina_politician),Jim_Jordan_(American_politician)
Jeb_Hensarling,Paul_Ryan
Gregory_Meeks,Nancy_Pelosi
Gregory_Meeks,Mike_Doyle_(American_politician)
Gregory_Meeks,Eric_Swalwell
Gregory_Meeks,Marc_Veasey
Gregory_Meeks,Adam_Schiff
Gregory_Meeks,Eric_Swalwell
Gregory_Meeks,Eric_Swalwell
Danny_K._Davis,John_B._Larson
Danny_K._Davis,Richard_Neal
Danny_K._Davis,Lloyd_Doggett
Danny_K._Davis,John_B._Larson
Danny_K._Davis,Bobby_Rush
Danny_K._Davis,Gwen_Moore
Danny_K._Davis,John_B._Larson
Danny_K._Davis,Bobby_Rush
John_B._Larson,Joe_Kennedy_III
John_B._Larson,Richard_Neal
John_B._Larson,Ann_McLane_Kuster
Tim_Walberg,Tim_Ryan_(Ohio_politician)
Tim_Walberg,Fred_Upton
Tim_Walberg,Fred_Upton
Tim_Walberg,Debbie_Dingell
Bobby_Rush,Ralph_Abraham_(politician)
David_Rouzer,Steve_Scalise
David_Rouzer,Paul_Ryan
Bill_Posey,Bill_Posey
Bill_Posey,Ileana_Ros-Lehtinen
Bill_Posey,Marsha_Blackburn
Andy_Barr_(American_politician),Paul_Ryan
Andy_Barr_(American_politician),Steve_Scalise
Andy_Barr_(American_politician),Blaine_Luetkemeyer
Andy_Barr_(American_politician),Steve_Scalise
David_Valadao,Sean_Duffy
David_Valadao,Jimmy_Panetta
Jimmy_Panetta,Grace_Meng
Jimmy_Panetta,Anna_Eshoo
Raja_Krishnamoorthi,Raja_Krishnamoorthi
Raja_Krishnamoorthi,Raja_Krishnamoorthi
Raja_Krishnamoorthi,Elijah_Cummings
Raja_Krishnamoorthi,Raja_Krishnamoorthi
Raja_Krishnamoorthi,Raja_Krishnamoorthi
Raja_Krishnamoorthi,Raja_Krishnamoorthi
Raja_Krishnamoorthi,Raja_Krishnamoorthi
Raja_Krishnamoorthi,Darin_LaHood
Raja_Krishnamoorthi,Raja_Krishnamoorthi
Raja_Krishnamoorthi,Raja_Krishnamoorthi
Raja_Krishnamoorthi,Raja_Krishnamoorthi
Raja_Krishnamoorthi,Raja_Krishnamoorthi
Raja_Krishnamoorthi,John_Lewis_(civil_rights_leader)
Raja_Krishnamoorthi,Raja_Krishnamoorthi
Raja_Krishnamoorthi,Donald_Norcross
Raja_Krishnamoorthi,Bobby_Rush
Raja_Krishnamoorthi,Don_Beyer
Raja_Krishnamoorthi,Don_Beyer
Raja_Krishnamoorthi,Brad_Schneider
Daniel_Webster_(Florida_politician),Jim_Renacci
Daniel_Webster_(Florida_politician),Dan_Lipinski
Daniel_Webster_(Florida_politician),Ted_Poe
Daniel_Webster_(Florida_politician),Steve_King
John_Conyers,Pramila_Jayapal
John_Conyers,Pramila_Jayapal
John_Conyers,Rick_Nolan
John_Conyers,Raúl_Grijalva
John_Conyers,Nancy_Pelosi
John_Conyers,Ro_Khanna
John_Conyers,Rick_Nolan
John_Conyers,Alma_Adams
John_Conyers,Eric_Swalwell
John_Conyers,Pete_Aguilar
John_Conyers,Salud_Carbajal
John_Conyers,Nancy_Pelosi
John_Conyers,Don_Beyer
John_Conyers,Don_Beyer
John_Conyers,Don_Beyer
John_Conyers,Robin_Kelly
John_Conyers,Nancy_Pelosi
John_Conyers,Mike_Thompson_(California_politician)
Carolyn_Maloney,Yvette_Clarke
Carolyn_Maloney,Jackie_Speier
Carolyn_Maloney,Kevin_Brady
Carolyn_Maloney,Karen_Bass
Carolyn_Maloney,Terri_Sewell
Chellie_Pingree,Don_Young
Chellie_Pingree,Jan_Schakowsky
Gene_Green,Joaquín_Castro
Gene_Green,Steny_Hoyer
Gene_Green,Debbie_Dingell
Gene_Green,John_Yarmuth
Gene_Green,Joaquín_Castro
Gene_Green,Mike_Doyle_(American_politician)
Gene_Green,Lloyd_Doggett
Gene_Green,Diana_DeGette
Gene_Green,Lloyd_Doggett
Gene_Green,Richard_Neal
Gene_Green,Gene_Green
Gene_Green,Frank_Pallone
Gene_Green,John_Lewis_(civil_rights_leader)
Gene_Green,Gene_Green
Gene_Green,Cheri_Bustos
Gene_Green,Judy_Chu
Mike_Gallagher_(American_politician),Paul_Ryan
Mike_Gallagher_(American_politician),Paul_Ryan
Andy_Harris_(politician),Steve_Scalise
Andy_Harris_(politician),John_Conyers
Andy_Harris_(politician),Paul_Ryan
Andy_Harris_(politician),Paul_Ryan
Andy_Harris_(politician),Paul_Ryan
Andy_Harris_(politician),Kevin_McCarthy_(U.S._Representative)
Andy_Harris_(politician),Kevin_McCarthy_(U.S._Representative)
Andy_Harris_(politician),Paul_Ryan
Jack_Bergman,Steve_Scalise
Jack_Bergman,Paul_Ryan
Jack_Bergman,Bill_Huizenga
Jack_Bergman,Paul_Ryan
Jack_Bergman,Paul_Ryan
Jack_Bergman,Mike_Johnson_(Louisiana_politician)
Jack_Bergman,Steve_Scalise
Jack_Bergman,John_Moolenaar
Jack_Bergman,Cathy_McMorris_Rodgers
Jack_Bergman,Cathy_McMorris_Rodgers
Jack_Bergman,Steve_Scalise
Steve_Womack,Paul_Ryan
Steve_Womack,Paul_Ryan
Val_Demings,John_Lewis_(civil_rights_leader)
Val_Demings,Val_Demings
Val_Demings,Jamie_Raskin
Val_Demings,Jan_Schakowsky
Val_Demings,Pramila_Jayapal
Val_Demings,Val_Demings
Val_Demings,Gwen_Moore
Val_Demings,Carolyn_Maloney
Val_Demings,John_Lewis_(civil_rights_leader)
Val_Demings,Val_Demings
Val_Demings,Val_Demings
Val_Demings,Val_Demings
Val_Demings,Val_Demings
Val_Demings,Val_Demings
Brad_Schneider,Brad_Schneider
Brad_Schneider,Ted_Deutch
Brad_Schneider,Bobby_Rush
Brad_Schneider,Suzan_DelBene
Brad_Schneider,Ileana_Ros-Lehtinen
Barry_Loudermilk,Tom_Graves
John_Garamendi,Mike_Thompson_(California_politician)
John_Garamendi,Mike_Thompson_(California_politician)
John_Garamendi,Ted_Lieu
Marcy_Kaptur,Terri_Sewell
Marcy_Kaptur,Elijah_Cummings
Marcy_Kaptur,Elijah_Cummings
Marcy_Kaptur,Cheri_Bustos
Marcy_Kaptur,Nancy_Pelosi
Marcy_Kaptur,Bobby_Scott_(politician)
Marcy_Kaptur,Chellie_Pingree
Marcy_Kaptur,Cheri_Bustos
Marcy_Kaptur,Joyce_Beatty
Marcy_Kaptur,Adam_Schiff
Marcy_Kaptur,Eliot_Engel
Marcy_Kaptur,Debbie_Dingell
Jaime_Herrera_Beutler,Cathy_McMorris_Rodgers
Jan_Schakowsky,Mike_Quigley_(politician)
Jan_Schakowsky,Hakeem_Jeffries
Jan_Schakowsky,Joe_Kennedy_III
Jan_Schakowsky,Joaquín_Castro
Jan_Schakowsky,Diana_DeGette
Jan_Schakowsky,Kevin_Brady
Jan_Schakowsky,Raúl_Grijalva
Jan_Schakowsky,Mark_Pocan
Jan_Schakowsky,Mike_Doyle_(American_politician)
Jan_Schakowsky,John_Sarbanes
Jan_Schakowsky,Sheila_Jackson_Lee
Jan_Schakowsky,Chellie_Pingree
Jan_Schakowsky,Robin_Kelly
Jan_Schakowsky,Lois_Frankel
Jan_Schakowsky,Brenda_Lawrence
Jan_Schakowsky,Ann_McLane_Kuster
Jan_Schakowsky,Nancy_Pelosi
Jan_Schakowsky,Sheila_Jackson_Lee
Jan_Schakowsky,Raúl_Grijalva
Jan_Schakowsky,Bobby_Rush
Jan_Schakowsky,Pramila_Jayapal
Jan_Schakowsky,Bobby_Rush
Jan_Schakowsky,Marcy_Kaptur
Jan_Schakowsky,Richard_Neal
Jan_Schakowsky,Mike_Doyle_(American_politician)
Jan_Schakowsky,Lloyd_Doggett
Jan_Schakowsky,Steny_Hoyer
Jan_Schakowsky,Bobby_Rush
Jan_Schakowsky,Nancy_Pelosi
Jan_Schakowsky,Frank_Pallone
Blaine_Luetkemeyer,Tom_Graves
Blaine_Luetkemeyer,Paul_Ryan
Bobby_Rush,Lloyd_Doggett
Bobby_Rush,Brad_Schneider
Bobby_Rush,Jan_Schakowsky
David_Price_(American_politician),Adam_Schiff
David_Price_(American_politician),Mike_Quigley_(politician)
David_Price_(American_politician),John_Sarbanes
David_Price_(American_politician),Alma_Adams
David_Price_(American_politician),Brad_Schneider
David_Price_(American_politician),Nancy_Pelosi
David_Price_(American_politician),Nancy_Pelosi
David_Price_(American_politician),Nancy_Pelosi
Erik_Paulsen,Steve_Scalise
Erik_Paulsen,Kevin_Brady
Erik_Paulsen,Paul_Ryan
Erik_Paulsen,Kevin_Brady
Erik_Paulsen,Chuck_Fleischmann
Erik_Paulsen,Steve_Scalise
Erik_Paulsen,Kevin_Brady
Erik_Paulsen,Carlos_Curbelo
Erik_Paulsen,Kevin_Brady
Erik_Paulsen,Cathy_McMorris_Rodgers
Erik_Paulsen,Steve_Scalise
Erik_Paulsen,Cathy_McMorris_Rodgers
Erik_Paulsen,Lou_Barletta
Erik_Paulsen,Ann_Wagner
Doug_LaMalfa,Steve_Scalise
Doug_LaMalfa,Steve_Scalise
Doug_LaMalfa,Ileana_Ros-Lehtinen
Mike_Bost,Steve_Scalise
Mike_Bost,Rodney_Davis_(politician)
Mike_Bost,Rodney_Davis_(politician)
French_Hill_(politician),Steve_Womack
Joaquín_Castro,Gregory_Meeks
Joaquín_Castro,Eddie_Bernice_Johnson
Joaquín_Castro,Seth_Moulton
Joaquín_Castro,Joaquín_Castro
Joaquín_Castro,Jimmy_Gomez
Joaquín_Castro,Adam_Schiff
Joaquín_Castro,Ruben_Gallego
Joaquín_Castro,Joaquín_Castro
Joaquín_Castro,Joe_Kennedy_III
Joaquín_Castro,Steny_Hoyer
Joaquín_Castro,Joaquín_Castro
Joaquín_Castro,Joaquín_Castro
Bill_Johnson_(Ohio_politician),Steve_Scalise
Bill_Johnson_(Ohio_politician),Tim_Ryan_(Ohio_politician)
Mike_Kelly_(Pennsylvania_politician),Paul_Ryan
Mike_Kelly_(Pennsylvania_politician),Cathy_McMorris_Rodgers
Tom_Rice,Paul_Ryan
Steve_Scalise,Greg_Walden
Steve_Scalise,Neal_Dunn
Steve_Scalise,Marsha_Blackburn
Steve_Scalise,Cathy_McMorris_Rodgers
Dennis_Ross_(politician),Steve_Scalise
Dennis_Ross_(politician),Mike_Rogers_(Alabama_politician)
Dennis_Ross_(politician),Cathy_McMorris_Rodgers
Dennis_Ross_(politician),Tom_Graves
Dennis_Ross_(politician),Dennis_Ross_(politician)
Steve_Stivers,Steve_Scalise
Al_Lawson,Alma_Adams
Al_Lawson,Alma_Adams
Al_Lawson,G._K._Butterfield
Al_Lawson,Nancy_Pelosi
Al_Lawson,Nancy_Pelosi
Al_Lawson,Frederica_Wilson
Al_Lawson,Raja_Krishnamoorthi
Mike_Turner,Tom_Cole
Mike_Turner,Frank_LoBiondo
Mike_Turner,Niki_Tsongas
Mike_Turner,Paul_Ryan
Mike_Turner,David_Joyce_(politician)
Mike_Turner,Austin_Scott_(politician)
Mike_Turner,Niki_Tsongas
Mike_Turner,Joaquín_Castro
Mike_Turner,Elizabeth_Esty
Mike_Turner,Paul_Tonko
Dave_Loebsack,Bob_Latta
Dave_Loebsack,Ryan_Costello
John_Culberson,Steve_Scalise
John_Culberson,Paul_Ryan
John_Culberson,Kevin_Brady
John_Culberson,Gene_Green
John_Culberson,Steve_Scalise
John_Culberson,Steve_Scalise
John_Culberson,Paul_Ryan
John_Culberson,Kevin_Brady
John_Culberson,Steve_Scalise
John_Culberson,Cathy_McMorris_Rodgers
John_Culberson,Gene_Green
John_Culberson,Cathy_McMorris_Rodgers
John_Culberson,Paul_Ryan
John_Culberson,Gene_Green
John_Culberson,Paul_Ryan
Jackie_Speier,Lois_Frankel
Donald_McEachin,John_Yarmuth
Donald_McEachin,Anna_Eshoo
Donald_McEachin,Hank_Johnson
Donald_McEachin,Steny_Hoyer
Donald_McEachin,Raúl_Grijalva
Donald_McEachin,Barbara_Lee
Denny_Heck,Elijah_Cummings
Denny_Heck,Derek_Kilmer
Denny_Heck,Marc_Veasey
Denny_Heck,Frank_Pallone
Denny_Heck,Cheri_Bustos
Denny_Heck,Bobby_Scott_(politician)
Denny_Heck,Dan_Kildee
Blake_Farenthold,Paul_Ryan
Lee_Zeldin,Ileana_Ros-Lehtinen
Lee_Zeldin,Jody_Hice
Lee_Zeldin,Steve_Scalise
Ken_Calvert,George_Holding
Ken_Calvert,Paul_Ryan
Ken_Calvert,Cathy_McMorris_Rodgers
Ken_Calvert,Susan_Brooks
Ken_Calvert,Mimi_Walters
Tom_Reed_(politician),Diana_DeGette
Tom_Reed_(politician),Tom_Reed_(politician)
Tom_Reed_(politician),Eliot_Engel
Tom_Reed_(politician),John_Garamendi
Richard_Neal,Frank_Pallone
Richard_Neal,Jim_McGovern_(American_politician)
Ro_Khanna,Barbara_Lee
Ro_Khanna,Mark_Pocan
Ro_Khanna,Pramila_Jayapal
Ro_Khanna,Lloyd_Doggett
Ro_Khanna,Mark_Pocan
Ro_Khanna,Nancy_Pelosi
Ro_Khanna,Nancy_Pelosi
Ro_Khanna,Rosa_DeLauro
Ro_Khanna,Ro_Khanna
Ro_Khanna,Joe_Kennedy_III
Ro_Khanna,Barbara_Lee
Ro_Khanna,Nancy_Pelosi
Ro_Khanna,Mark_Pocan
Ro_Khanna,John_Ratcliffe_(American_politician)
Ro_Khanna,Debbie_Dingell
Ro_Khanna,Barbara_Lee
Ro_Khanna,Steny_Hoyer
Ro_Khanna,Mark_Pocan
Ro_Khanna,Adam_Smith_(politician)
Ted_Yoho,Ted_Lieu
Ted_Yoho,Steve_Scalise
Katherine_Clark,Elijah_Cummings
Katherine_Clark,Hakeem_Jeffries
Katherine_Clark,Mark_Pocan
Katherine_Clark,Mike_Doyle_(American_politician)
Katherine_Clark,Jerry_Nadler
Katherine_Clark,Mike_Quigley_(politician)
Katherine_Clark,Karen_Bass
Katherine_Clark,John_Sarbanes
Katherine_Clark,Dina_Titus
Katherine_Clark,Terri_Sewell
Katherine_Clark,Mark_Pocan
Katherine_Clark,Elijah_Cummings
Katherine_Clark,John_Sarbanes
Grace_Napolitano,Hakeem_Jeffries
Grace_Napolitano,Joaquín_Castro
Grace_Napolitano,John_Yarmuth
Grace_Napolitano,Hank_Johnson
Grace_Napolitano,Raul_Ruiz_(politician)
Grace_Napolitano,John_Sarbanes
Grace_Napolitano,Pramila_Jayapal
Grace_Napolitano,Nancy_Pelosi
Grace_Napolitano,Raúl_Grijalva
Grace_Napolitano,Rosa_DeLauro
Grace_Napolitano,Eric_Swalwell
Grace_Napolitano,Marc_Veasey
Grace_Napolitano,Frank_Pallone
Grace_Napolitano,Lucille_Roybal-Allard
Grace_Napolitano,Lucille_Roybal-Allard
Grace_Napolitano,Lucille_Roybal-Allard
Grace_Napolitano,Cheri_Bustos
Grace_Napolitano,Stephanie_Murphy
Grace_Napolitano,Judy_Chu
Grace_Napolitano,Bobby_Scott_(politician)
Grace_Napolitano,Gwen_Moore
Grace_Napolitano,Dan_Kildee
Grace_Napolitano,Adam_Schiff
Grace_Napolitano,Ruben_Gallego
Grace_Napolitano,Debbie_Dingell
Grace_Napolitano,Jerry_Nadler
Grace_Napolitano,Nancy_Pelosi
Grace_Napolitano,Anthony_G._Brown
Grace_Napolitano,Lucille_Roybal-Allard
Grace_Napolitano,Pramila_Jayapal
Grace_Napolitano,Nancy_Pelosi
Grace_Napolitano,Juan_Vargas
Grace_Napolitano,Frank_Pallone
Grace_Napolitano,Elijah_Cummings
Grace_Napolitano,Val_Demings
Grace_Napolitano,Nancy_Pelosi
Grace_Napolitano,Joaquín_Castro
Grace_Napolitano,Jerry_Nadler
Grace_Napolitano,Steny_Hoyer
Grace_Napolitano,Jimmy_Gomez
Grace_Napolitano,John_Katko
Grace_Napolitano,John_Katko
Kay_Granger,Kevin_Brady
Kay_Granger,Cathy_McMorris_Rodgers
Kay_Granger,Ken_Calvert
Kay_Granger,Steve_Scalise
Kay_Granger,Cathy_McMorris_Rodgers
Kay_Granger,John_Carter_(Texas_politician)
Kay_Granger,Mike_Gallagher_(American_politician)
Kay_Granger,John_Culberson
Kay_Granger,Martha_Roby
Kay_Granger,Steve_Scalise
Kay_Granger,Will_Hurd
Kay_Granger,Paul_Ryan
Kay_Granger,Martha_Roby
Kay_Granger,Kevin_McCarthy_(U.S._Representative)
Kay_Granger,Martha_McSally
Kay_Granger,Kevin_McCarthy_(U.S._Representative)
Kay_Granger,Steve_Scalise
Kay_Granger,Paul_Ryan
Kay_Granger,John_Rutherford_(Florida_politician)
Kay_Granger,Paul_Ryan
Kay_Granger,Ted_Deutch
Brad_Wenstrup,Steve_Scalise
Brad_Wenstrup,Paul_Ryan
Brad_Wenstrup,Paul_Ryan
Brad_Wenstrup,Tom_Graves
Brad_Wenstrup,Steve_Scalise
Pete_Aguilar,Steny_Hoyer
Pete_Aguilar,Steny_Hoyer
Albio_Sires,Bill_Pascrell
Albio_Sires,Frank_Pallone
Albio_Sires,Bill_Pascrell
Albio_Sires,Jerry_Nadler
Brenda_Lawrence,Gwen_Moore
Brenda_Lawrence,Elijah_Cummings
Brenda_Lawrence,Diana_DeGette
Brenda_Lawrence,Kevin_Brady
Brenda_Lawrence,John_Yarmuth
Brenda_Lawrence,Lois_Frankel
Brenda_Lawrence,Lois_Frankel
Brenda_Lawrence,Joyce_Beatty
Brenda_Lawrence,Mike_Doyle_(American_politician)
Brenda_Lawrence,Barbara_Lee
Brenda_Lawrence,Lois_Frankel
Brenda_Lawrence,Kathy_Castor
Brenda_Lawrence,Doris_Matsui
Brenda_Lawrence,French_Hill_(politician)
Brenda_Lawrence,Sheila_Jackson_Lee
Brenda_Lawrence,Marc_Veasey
Brenda_Lawrence,Joe_Kennedy_III
Brenda_Lawrence,Nancy_Pelosi
Brenda_Lawrence,Mark_Pocan
Brenda_Lawrence,Lois_Frankel
Brenda_Lawrence,Elijah_Cummings
Brenda_Lawrence,Elijah_Cummings
Brenda_Lawrence,Bobby_Scott_(politician)
Brenda_Lawrence,Karen_Bass
Brenda_Lawrence,Suzan_DelBene
Brenda_Lawrence,Jamie_Raskin
Brenda_Lawrence,Cheri_Bustos
Brenda_Lawrence,Stephanie_Murphy
David_Cicilline,Joe_Kennedy_III
David_Cicilline,Joe_Kennedy_III
David_Cicilline,John_Sarbanes
David_Cicilline,James_Langevin
David_Cicilline,David_Cicilline
David_Cicilline,Bill_Pascrell
David_Cicilline,James_Langevin
Elizabeth_Esty,John_B._Larson
Elizabeth_Esty,Rosa_DeLauro
Elizabeth_Esty,John_Lewis_(civil_rights_leader)
Robert_Pittenger,Steve_Scalise
Robert_Pittenger,Diane_Black
Robert_Pittenger,Paul_Ryan
Robert_Pittenger,Paul_Ryan
Robert_Pittenger,Paul_Ryan
Robert_Pittenger,Kevin_McCarthy_(U.S._Representative)
Robert_Pittenger,Robert_Pittenger
Robert_Pittenger,Steve_Chabot
Ed_Perlmutter,John_Yarmuth
Ed_Perlmutter,Hank_Johnson
Ed_Perlmutter,Paul_Tonko
Ed_Perlmutter,Jared_Polis
Ed_Perlmutter,Jared_Polis
Ed_Perlmutter,Terri_Sewell
Ed_Perlmutter,Raúl_Grijalva
Ed_Perlmutter,Richard_Neal
Ed_Perlmutter,Mike_Doyle_(American_politician)
Ed_Perlmutter,Elijah_Cummings
Ed_Perlmutter,Mike_Gallagher_(American_politician)
Ed_Perlmutter,Joe_Kennedy_III
Bill_Flores,Paul_Ryan
Bill_Flores,Paul_Ryan
Bill_Flores,Paul_Ryan
Bill_Flores,Paul_Ryan
Bill_Flores,Steve_Scalise
Bill_Flores,Paul_Ryan
Bill_Flores,Paul_Ryan
Bill_Flores,Cathy_McMorris_Rodgers
Bill_Flores,Steve_Scalise
Bill_Flores,Steve_Scalise
Bill_Flores,Paul_Ryan
Bill_Flores,Steve_Scalise
Bill_Flores,Paul_Ryan
Keith_Ellison,Keith_Ellison
Keith_Ellison,Keith_Ellison
Keith_Ellison,Keith_Ellison
Keith_Ellison,Keith_Ellison
Keith_Ellison,Keith_Ellison
Keith_Ellison,Keith_Ellison
Keith_Ellison,Keith_Ellison
Keith_Ellison,Keith_Ellison
Keith_Ellison,Keith_Ellison
Keith_Ellison,Keith_Ellison
Keith_Ellison,Pramila_Jayapal
Sanford_Bishop,Steve_Scalise
Sanford_Bishop,Cathy_McMorris_Rodgers
Sanford_Bishop,Mike_Coffman
Sanford_Bishop,Kevin_Brady
Sanford_Bishop,Kevin_Brady
Sanford_Bishop,Kevin_McCarthy_(U.S._Representative)
Sanford_Bishop,Paul_Ryan
Sanford_Bishop,Paul_Ryan
Sanford_Bishop,Paul_Ryan
Sanford_Bishop,Bill_Huizenga
Terri_Sewell,John_Sarbanes
Terri_Sewell,Terri_Sewell
Terri_Sewell,G._K._Butterfield
Terri_Sewell,Marc_Veasey
Terri_Sewell,Lucille_Roybal-Allard
Terri_Sewell,Nancy_Pelosi
Steven_Palazzo,Kevin_McCarthy_(U.S._Representative)
Joe_Barton,Henry_Cuellar
Joe_Barton,Steve_Scalise
Joe_Barton,Paul_Ryan
Joe_Barton,Kevin_McCarthy_(U.S._Representative)
Joe_Barton,Henry_Cuellar
Joe_Barton,Paul_Ryan
Joe_Barton,Jeff_Duncan_(politician)
Joe_Barton,Kevin_McCarthy_(U.S._Representative)
Joe_Barton,Mike_Doyle_(American_politician)
Joe_Barton,Kevin_McCarthy_(U.S._Representative)
Joe_Barton,Kevin_McCarthy_(U.S._Representative)
Joe_Barton,Steve_Scalise
Joe_Barton,Paul_Ryan
Joe_Barton,Kevin_McCarthy_(U.S._Representative)
Joe_Barton,Kevin_Brady
Joe_Barton,Kevin_McCarthy_(U.S._Representative)
Joe_Barton,Kevin_Brady
Joe_Barton,John_Shimkus
Joe_Barton,Michael_C._Burgess
Dan_Newhouse,Derek_Kilmer
Dan_Newhouse,Derek_Kilmer
Dan_Newhouse,Derek_Kilmer
Dan_Newhouse,Sean_Duffy
Dan_Newhouse,Cathy_McMorris_Rodgers
Norma_Torres,Lucille_Roybal-Allard
